"","Associated Gene","Chromosome","Chromosome Positon","REPORTED GENE(S)","RISK ALLELE FREQUENCY","pvalue","PVALUE_MLOG"
"1","1q21.2",1,147524657,"BCL9, CHD1L","NR",6e-06,5.22184875
"2","1p12",1,119975336,"NOTCH2, ADAM30","0.11",4e-08,7.397940009
"3","1p21.3",1,94604485,"SLC44A3, F3","0.56",6e-06,5.22184875
"4","1q42.2",1,233204408,"PCNXL2","0.61",4e-07,6.397940009
"5","1q32.2",1,207478831,"CR2","0.3",7e-06,5.15490196
"6","1q43",1,241024982,"intergenic","0.5",1e-06,6
"7","1p22.1",1,91728765,"TGFBR3","0.78",4e-06,5.397940009
"8","1q42.13",1,228744368,"RHOU","0.06",2e-06,5.698970004
"9","1p32.3",1,50444313,"FAF1",NA,4e-09,8.397940009
"10","1q41",1,219575476,"LYPLAL1",NA,2e-06,5.698970004
"11","1q32.3",1,213981376,"PROX1","0.66",2e-06,5.698970004
"12","1q21.3",1,154364240,"ATP8B2","0.087",2e-08,7.698970004
"13","1q21.3",1,154364240,"ATP8B2","NR",5e-06,5.301029996
"14","1p32.3",1,50723884,"FAF1","NR",1e-07,7
"15","1p34.3",1,39570256,"MACF1","0.185",2e-09,8.698970004
"16","1p31.3",1,67242674,"IL23R, C1ORF141, IL12RB2","NR",5e-06,5.301029996
"17","1p31.1",1,77349740,"AK5, PIGK, ZZZ3","NR",8e-06,5.096910013
"18","1q24.3",1,171318113,"FMO4, FMO1, TOP1P1","NR",4e-06,5.397940009
"19","1q32.3",1,213951127,"PROX1-AS1, LINC00538, PROX1","NR",9e-06,5.045757491
"20","1q41",1,219598379,"GCKR","0.7057",1e-07,7
"21","1p22.2",1,87950907,"NR","0.0984",5e-07,6.301029996
"22","1p34.3",1,39370145,"MACF1","0.1948",6e-07,6.22184875
"23","1p32.3",1,50444313,"FAF1","0.0964",1e-08,8
"24","1q32.3",1,213985913,"PROX1-AS1","0.5308",6e-10,9.22184875
"25","1p34.3",1,39370145,"MACF1","0.1948",3e-06,5.522878745
"26","1p32.3",1,50444313,"FAF1","0.0964",6e-07,6.22184875
"27","1p12",1,119975336,"intergenic","0.1093",1e-06,6
"28","1q32.3",1,213985913,"PROX1-AS1","0.5308",1e-08,8
"29","1q41",1,219580167,"ZC3H11B, LYPLAL1","NR",3e-08,7.522878745
"30","1p34.3",1,39570256,"MACF1","NR",9e-09,8.045757491
"31","1q32.3",1,213985913,"PROX1","NR",1e-07,7
"32","1q32.3",1,213981376,"PROX1","0.622753",8e-09,8.096910013
"33","1q32.3",1,213981376,"PROX1","NR",9e-06,5.045757491
"34","2q14.3",2,127663671,"LIMS2","0.98",3e-06,5.522878745
"35","2p21",2,45521138,"SRBD1","NR",1e-06,6
"36","2q33.1",2,199751534,"TYW5, SATB2","NR",9e-07,6.045757491
"37","2q24.3",2,164645339,"GRB14","0.74",1e-08,8
"38","2p21",2,43505684,"THADA","0.9",1e-09,9
"39","2q12.1",2,105221141,"intergenic","NR",6e-06,5.22184875
"40","2q23.3",2,150781422,"RBM43, RND3","0.86",7e-09,8.15490196
"41","2q36.3",2,226229029,"LOC64673, IRS1","0.63",9e-12,11.04575749
"42","2p25.3",2,3793830,"intergenic","0.4",3e-06,5.522878745
"43","2q24.2",2,160314943,"ITGB6, RBMS1","0.78",4e-08,7.397940009
"44","2p16.1",2,60357684,"BCL11A",NA,3e-15,14.52287875
"45","2q36.3",2,226155937,"IRS1",NA,5e-20,19.30103
"46","2p23.1",2,30845153,"GALNT14, CAPN13","0.07",2e-07,6.698970004
"47","2q21.3",2,134722410,"TMEM163","0.86",7e-08,7.15490196
"48","2q24.3",2,164893880,"intergenic","0.81",3e-06,5.522878745
"49","2q36.3",2,229657682,"DNER","0.64",7e-08,7.15490196
"50","2p25.3",2,646674,"TMEM18",NA,2e-07,6.698970004
"51","2q24.3",2,164645339,"GRB14","0.61",2e-06,5.698970004
"52","2p16.1",2,60341610,"BCL11A","0.46",3e-06,5.522878745
"53","2q36.3",2,226228869,"IRS1","0.63",7e-09,8.15490196
"54","2p16.1",2,57060276,"CCDC85A","0.279",7e-10,9.15490196
"55","2p16.2",2,53169910,"ASB3","0.168",1e-08,8
"56","2p16.1",2,57060276,"CCDC85A","NR",5e-06,5.301029996
"57","2p23.3",2,27519736,"GCKR","NR",2e-06,5.698970004
"58","2p25.3",2,1939845,"MYT1L, PXDN, MYT1L-AS1","NR",3e-06,5.522878745
"59","2p25.3",2,622827,"TMEM18","0.83",2e-09,8.698970004
"60","2p23.3",2,27518370,"GCKR","0.5895",2e-17,16.69897
"61","2p21",2,43505684,"THADA","0.0905",6e-11,10.22184875
"62","2p16.1",2,60357684,"BCL11A","0.4473",2e-07,6.698970004
"63","2q13",2,111192964,"BCL2L11","0.36",9e-09,8.045757491
"64","2q24.3",2,164645339,"GRB14","0.4085",1e-13,13
"65","2q36.3",2,226228869,"intergenic","0.6362",5e-18,17.30103
"66","2p23.3",2,27518370,"GCKR","0.5895",2e-07,6.698970004
"67","2p21",2,43505684,"THADA","0.0905",5e-14,13.30103
"68","2p16.1",2,60357684,"BCL11A","0.4473",6e-07,6.22184875
"69","2q13",2,111192964,"BCL2L11","0.6382",1e-06,6
"70","2q24.3",2,164645339,"GRB14","0.4085",4e-10,9.397940009
"71","2q24.3",2,164694691,"intergenic","0.1541",2e-09,8.698970004
"72","2q36.3",2,226155937,"intergenic","0.3539",3e-13,12.52287875
"73","2q36.3",2,226228869,"Intergenic","0.6362",3e-15,14.52287875
"74","2q36.3",2,226257202,"IRS1","NR",3e-10,9.522878745
"75","2q24.2",2,160275183,"RBMS1","NR",6e-08,7.22184875
"76","2p21",2,43359148,"THADA","NR",6e-10,9.22184875
"77","2p16.1",2,60330570,"BCL11A","NR",5e-06,5.301029996
"78","2p23.3",2,27518370,"GCKR","0.613752",5e-07,6.301029996
"79","2p21",2,43462891,"THADA","0.89389",1e-11,11
"80","2p16.1",2,60341610,"BCL11A","0.446763",2e-08,7.698970004
"81","2q24.2",2,160314943,"RBMS1","NR",2e-06,5.698970004
"82","2q24.3",2,164672366,"GRB14","0.600895",1e-08,8
"83","2q36.3",2,226228869,"IRS1","0.634515",3e-14,13.52287875
"84","2p21",2,43478147,"THADA","NR",5e-10,9.301029996
"85","2p16.1",2,60341610,"BCL11A","NR",7e-10,9.15490196
"86","2q36.3",2,226228869,"IRS1","NR",3e-08,7.522878745
"87","2q36.3",2,226228869,"IRS1","NR",1e-09,9
"88","2q24.3",2,164645339,"GRB14","NR",2e-09,8.698970004
"89","3p14.1",3,66779484,"LRIG1, KBTBD8","NR",4e-06,5.397940009
"90","3q27.2",3,185827931,"IGF2BP2","NR",3e-06,5.522878745
"91","3q27.3",3,187880139,"BCL6, LPP","NR",2e-06,5.698970004
"92","3q27.3",3,186948673,"ST6GAL1","0.75",3e-08,7.522878745
"93","3p14.1",3,64062621,"PSMD6","0.61",8e-11,10.09691001
"94","3p14.1",3,64726228,"ADAMTS9","0.76",1e-08,8
"95","3p14.3",3,55279372,"NR","0.8",3e-06,5.522878745
"96","3p25.2",3,12351626,"PPARG","0.86",2e-06,5.698970004
"97","3p25.2",3,12236345,"SYN2, PPARG","0.93",2e-07,6.698970004
"98","3q27.2",3,185793899,"IGF2BP2","NR",8e-08,7.096910013
"99","3p25.2",3,12351626,"PPARG","NR",2e-06,5.698970004
"100","3q27.2",3,185812502,"IGF2BP2","0.32",1e-09,9
"101","3q27.2",3,185793899,"IGF2BP2","0.31",1e-06,6
"102","3q27.2",3,185793899,"IGF2BP2","0.29",9e-16,15.04575749
"103","3q27.2",3,185793899,"IGF2BP2","0.3",9e-16,15.04575749
"104","3p25.2",3,12351626,"PPARG","0.82",2e-06,5.698970004
"105","3q27.2",3,185793899,"IGF2BP2","0.32",9e-16,15.04575749
"106","3q12.3",3,102484201,"ZPLD1","0.17",3e-06,5.522878745
"107","3q26.33",3,179943530,"PEX5L","0.17",7e-06,5.15490196
"108","3q23",3,142712158,"PLS1","0.06",9e-06,5.045757491
"109","3q27.2",3,185813873,"IGF2BP2","NR",1e-07,7
"110","3q21.1",3,123346931,"ADCY5","0.78",6e-08,7.22184875
"111","3q27.2",3,185793899,"IG2BP2","0.31",3e-09,8.522878745
"112","3p25.2",3,12248301,"PPARG",NA,2e-07,6.698970004
"113","3q27.2",3,185811292,"IGF2BP2",NA,2e-09,8.698970004
"114","3q27.2",3,185811292,"IGF2BP2","0.41",5e-06,5.301029996
"115","3q27.2",3,185811292,"IGF2BP2","0.41",4e-07,6.397940009
"116","3q27.2",3,185811292,"IGF2BP2","0.45",4e-09,8.397940009
"117","3q27.2",3,185811292,"IGF2BP2","0.45",2e-13,12.69897
"118","3q27.2",3,185811292,"IGF2BP2","0.5",2e-19,18.69897
"119","3q27.2",3,185811292,"IGF2BP2","0.34",5e-14,13.30103
"120","3p24.3",3,23156993,"UBE2E2","0.83",4e-07,6.397940009
"121","3q27.3",3,188022735,"LPP",NA,6e-09,8.22184875
"122","3q27.3",3,188074923,"LPP","0.262",7e-06,5.15490196
"123","3q27.3",3,186948673,"ST64GAL1","0.85",9e-06,5.045757491
"124","3q27.2",3,185793899,"IGF2BP2","0.31",1e-17,17
"125","3p25.2",3,12351626,"PPARG","0.88",6e-10,9.22184875
"126","3p24.3",3,23294959,"UBE2E2","0.87",7e-09,8.15490196
"127","3q21.1",3,123363551,"ADCY5","0.78",2e-08,7.698970004
"128","3q21.1",3,123363551,"ADCY5","0.75",5e-06,5.301029996
"129","3q13.31",3,115131989,"ZBTB20","0.634",3e-06,5.522878745
"130","3p24.3",3,23036270,"SALL4P5","0.652",5e-06,5.301029996
"131","3p24.3",3,23413074,"UBE2E2","NR",2e-14,13.69897
"132","3p14.1",3,64017221,"PSMD6","NR",1e-07,7
"133","3q21.1",3,123421016,"ADCY5","NR",7e-06,5.15490196
"134","3q27.2",3,185811292,"IGFBP2","NR",2e-24,23.69897
"135","3q27.2",3,185790803,"IGF2BP2","0.325",3e-14,13.52287875
"136","3p21.1",3,52860127,"TMEM110, MIR8064, SFMBT1","NR",8e-06,5.096910013
"137","3p24.1",3,29204690,"LINC00693, RBMS3-AS3","NR",3e-06,5.522878745
"138","3q26.2",3,171007094,"NR","0.7233",1e-07,7
"139","3q13.31",3,115194661,"NR","0.237",3e-06,5.522878745
"140","3p23",3,31135383,"NR","0.7496",5e-06,5.301029996
"141","3p25.2",3,12351626,"PPARG","0.1203",2e-19,18.69897
"142","3p24.3",3,23294959,"UBE2E2","0.1322",4e-14,13.39794001
"143","3q21.1",3,123346931,"ADCY5","0.171",5e-20,19.30103
"144","3q27.2",3,185811292,"IGF2BP2","0.3042",1e-45,45
"145","3q27.3",3,188022735,"LPP, AS2","0.6054",1e-06,6
"146","3p25.2",3,12351626,"PPARG","0.1203",2e-14,13.69897
"147","3p14.1",3,64726228,"intergenic","0.2326",2e-08,7.698970004
"148","3q21.1",3,123346931,"ADCY5","0.171",2e-17,16.69897
"149","3q27.2",3,185811292,"IGF2BP2","0.3042",8e-12,11.09691001
"150","3q27.2",3,185811292,"IGF2BP2","0.4571",4e-14,13.39794001
"151","3p25.2",3,12355414,"PPARG","NR",4e-16,15.39794001
"152","3p14.1",3,64726228,"ADAMTS9","NR",1e-07,7
"153","3q27.2",3,185801319,"IGF2BP2","NR",5e-16,15.30103
"154","3q21.1",3,123346931,"ADCY5","NR",3e-06,5.522878745
"155","3p25.2",3,12351626,"PPARG","0.855203",1e-12,12
"156","3p24.3",3,23413299,"UBE2E2","0.750927",4e-09,8.397940009
"157","3p14.1",3,64719689,"ADAMTS9","0.589988",7e-11,10.15490196
"158","3q21.1",3,123363551,"ADCY5","0.77151",6e-14,13.22184875
"159","3q27.2",3,185793899,"IGF2BP2","0.325385",2e-23,22.69897
"160","3q27.2",3,185795508,"IGF2BP2","NR",2e-17,16.69897
"161","3p25.2",3,12295008,"PPARG","NR",2e-07,6.698970004
"162","3q21.1",3,123346931,"ADCY5","NR",4e-07,6.397940009
"163","3p24.3",3,23413299,"UBE2E2","NR",4e-07,6.397940009
"164","3p14.1",3,64713769,"ADAMTS9","NR",1e-06,6
"165","3q21.1",3,123346931,"ADCY5","NR",2e-10,9.698970004
"166","3q27.2",3,185795508,"IGF2BP2","NR",2e-09,8.698970004
"167","3p25.2",3,12295008,"PPARG","NR",1e-08,8
"168","3p14.1",3,64713769,"ADAMTS9","NR",3e-07,6.522878745
"169","4p16.3",4,1316113,"MAEA","0.58",2e-20,19.69897
"170","4q27",4,121744359,"NR","0.38",9e-06,5.045757491
"171","4p16.3",4,1260747,"MGC21675","0.675",1e-08,8
"172","4p16.1",4,6268329,"PPP2R2C, WFS1","0.57",1e-08,8
"173","4q32.3",4,163611649,"43160","0.95",9e-06,5.045757491
"174","4p16.1",4,6301295,"WFS1",NA,3e-08,7.522878745
"175","4p16.3",4,947730,"TMEM175","NR",7e-06,5.15490196
"176","4p12",4,46966033,"GABRA4, COX7B2","NR",1e-06,6
"177","4p16.3",4,1316113,"MAEA","0.64",2e-07,6.698970004
"178","4q31.3",4,152599323,"TMEM154",NA,4e-14,13.39794001
"179","4p16.1",4,6288259,"WFS1","0.59",2e-09,8.698970004
"180","4p16.3",4,1242714,"MAEA","NR",1e-12,12
"181","4p13",4,42553794,"ATP8A1, SHISA3, GRXCR1","NR",2e-06,5.698970004
"182","4q31.3",4,154211555,"SFRP2, DCHS2","NR",4e-06,5.397940009
"183","4q35.1",4,184787653,"ACSL1","0.84",2e-10,9.698970004
"184","4q22.2",4,94091533,"NR","0.484",2e-06,5.698970004
"185","4q28.2",4,128605841,"NR","0.0607",5e-07,6.301029996
"186","4p16.3",4,1316113,"MAEA","0.0258",1e-08,8
"187","4p16.1",4,6268329,"WFS1","0.6193",1e-15,15
"188","4q27",4,121739095,"TMEM155","0.05",2e-08,7.698970004
"189","4q31.3",4,152599323,"TMEM154","0.2913",2e-15,14.69897
"190","4q24",4,103067742,"CISD2","0.58",7e-09,8.15490196
"191","4p16.1",4,6268329,"WFS1","0.6193",8e-15,14.09691001
"192","4q27",4,121739095,"TMEM155","0.0487",1e-07,7
"193","4q31.3",4,152599323,"TMEM154","0.2913",7e-09,8.15490196
"194","4q31.3",4,152574363,"TMEM154","NR",8e-06,5.096910013
"195","4p16.1",4,6314654,"WFS1","NR",7e-08,7.15490196
"196","4p16.1",4,6288259,"WFS1","0.573658",2e-15,14.69897
"197","4p16.1",4,6301295,"WFS1","NR",3e-12,11.52287875
"198","4p16.1",4,6301295,"WFS1","NR",5e-07,6.301029996
"199","5q14.2",5,82717035,"TMEM167A, XRCC4, ATP6AP1L","NR",7e-06,5.15490196
"200","5q14.3",5,90250292,"LOC72901, CETN3","0.23",7e-07,6.15490196
"201","5q13.3",5,77129124,"ZBED3",NA,3e-12,11.52287875
"202","5q11.2",5,56808481,"MAP3K1","0.21",4e-06,5.397940009
"203","5q33.2",5,155967220,"intergenic","0.1",4e-07,6.397940009
"204","5q33.2",5,155967220,"intergenic","0.1",4e-07,6.397940009
"205","5q11.2",5,53975590,"ARL15",NA,7e-09,8.15490196
"206","5q31.1",5,134904545,"PCBD2",NA,2e-06,5.698970004
"207","5q23.2",5,124804202,"ZNF608","0.53",6e-06,5.22184875
"208","5q11.2",5,56510924,"ANKRD55","NR",1e-10,10
"209","5q11.2",5,56565774,"ANKRD55","0.2",3e-09,8.522878745
"210","5q11.2",5,58446375,"LOC101928569, PLK2","NR",4e-06,5.397940009
"211","5q22.2",5,113474031,"NR","0.66",6e-07,6.22184875
"212","5q21.1",5,102284470,"NR","0.2554",6e-07,6.22184875
"213","5q11.2",5,53975590,"ARL15","0.6938",3e-09,8.522878745
"214","5q11.2",5,56510924,"ANKRD55","0.7087",5e-19,18.30103
"215","5q13.3",5,77129124,"ZBED3","0.67",5e-10,9.301029996
"216","5q31.1",5,134528909,"PHF15, JADE2","0.43",3e-09,8.522878745
"217","5q11.2",5,53975590,"ARL15","0.6938",3e-06,5.522878745
"218","5q11.2",5,56510924,"ANKRD55","0.7087",1e-11,11
"219","5q13.3",5,77129124,"ZBED3","0.67",9e-11,10.04575749
"220","5q31.1",5,134528909,"PHF15, JADE2","0.4274",6e-06,5.22184875
"221","5q11.2",5,56560548,"ANKRD55","NR",2e-10,9.698970004
"222","5q21.1",5,103250706,"PAM","NR",4e-07,6.397940009
"223","5q11.2",5,56510924,"ANKRD55","0.702407",6e-09,8.22184875
"224","5q13.3",5,77131486,"ZBED3","0.279958",5e-11,10.30103
"225","5q13.3",5,77131486,"ZBED3","NR",3e-10,9.522878745
"226","5q11.2",5,56510924,"ANKRD55","NR",3e-06,5.522878745
"227","6q21",6,113586847,"SOCS5P5, MARCKS","NR",5e-06,5.301029996
"228","6q25.1",6,151135457,"MTHFD1L, AKAP12","NR",2e-07,6.698970004
"229","6p21.2",6,38139068,"ZFAND3","0.27",2e-10,9.698970004
"230","6p21.2",6,39316274,"KCNK16","0.42",2e-08,7.698970004
"231","6p22.3",6,20661019,"CDKAL1","0.411",7e-10,9.15490196
"232","6q23.2",6,132825657,"RPS12","0.29",2e-06,5.698970004
"233","6q24.3",6,148383818,"SASH1","0.28",7e-07,6.15490196
"234","6p22.3",6,20717024,"CDKAL1","0.18",3e-07,6.522878745
"235","6p22.3",6,20661019,"CDKAL1","0.31",4e-11,10.39794001
"236","6p22.3",6,20679478,"CDKAL1","0.26",8e-09,8.096910013
"237","6p21.1",6,43844025,"VEGFA","0.28",4e-06,5.397940009
"238","6p22.3",6,20703721,"CDKAL1","NR",1e-11,11
"239","6p21.32",6,32717773,"HLA-DQA2","0.12",1e-06,6
"240","6p22.3",6,20660803,"CDKAL","NR",7e-07,6.15490196
"241","6p22.3",6,20657634,"CDKAL1","0.42",3e-10,9.522878745
"242","6p22.3",6,20657333,"CDKAL1","0.41",7e-20,19.15490196
"243","6p22.3",6,20660803,"CDKAL1","0.32",1e-08,8
"244","6p22.3",6,20661019,"CDKAL1","0.36",4e-11,10.39794001
"245","6p22.3",6,20657333,"CDKAL1","0.32",2e-12,11.69897
"246","6p22.3",6,20652486,"CDKAL1","0.36",9e-06,5.045757491
"247","6q13",6,70579486,"C6orf57","0.18",3e-08,7.522878745
"248","6q24.1",6,139952510,"intergenic","0.4",2e-06,5.698970004
"249","6p22.3",6,20686342,"CDKAL1","0.27",7e-10,9.15490196
"250","6p22.3",6,20686342,"CDKAL1","0.27",6e-11,10.22184875
"251","6p22.3",6,20687890,"CDKAL1",NA,2e-22,21.69897
"252","6p21.33",6,31379674,"HLA-B","0.69",1e-06,6
"253","6p21.33",6,31379674,"HLA-B","0.69",7e-09,8.15490196
"254","6p22.3",6,20686342,"CDKAL1","0.29",9e-09,8.045757491
"255","6p22.3",6,20661019,"CDKAL1","0.42",2e-13,12.69897
"256","6p24.3",6,7258384,"RREB1, SSR1",NA,1e-09,9
"257","6p21.33",6,31168937,"TCF19, POU5F1",NA,4e-09,8.397940009
"258","6p21.1",6,43844025,"VEGFA",NA,2e-07,6.698970004
"259","6q22.32",6,126643364,"C6orf173",NA,3e-06,5.522878745
"260","6q23.3",6,136970143,"IL20RA",NA,7e-06,5.15490196
"261","6p22.3",6,20679478,"CDKAL1","0.26",2e-26,25.69897
"262","6p21.2",6,39316274,"KCNK16","0.59",8e-06,5.096910013
"263","6q12",6,65908764,"ADH5P4","0.063",2e-06,5.698970004
"264","6p22.3",6,20682391,"CDKAL1","NR",6e-36,35.22184875
"265","6p22.3",6,20686342,"CDKAL1","0.274",2e-11,10.69897
"266","6p21.32",6,32659352,"MHC","0.112",2e-09,8.698970004
"267","6p25.1",6,6593462,"LY86-AS1, F13A1","NR",4e-06,5.397940009
"268","6q25.2",6,154233115,"OPRM1, CNKSR3","NR",9e-06,5.045757491
"269","6p21.32",6,32626532,"HLA-DQA1","0.74",1e-09,9
"270","6q23.3",6,136966564,"SLC35D3","0.53",7e-09,8.15490196
"271","6q12",6,64823173,"NR","0.82",9e-06,5.045757491
"272","6p24.3",6,7290204,"SSR1","0.4165",2e-08,7.698970004
"273","6p22.3",6,20661019,"CDKAL1","0.3181",2e-56,55.69897
"274","6p21.33",6,31168676,"POU5F1","0.7833",4e-12,11.39794001
"275","6p21.32",6,32372120,"HLA-DRB5, C6orf10","0.67",8e-09,8.096910013
"276","6p21.2",6,39316274,"KCNK16","0.493",5e-07,6.301029996
"277","6q22.32",6,126434496,"CENPW","0.4553",3e-08,7.522878745
"278","6q25.3",6,160345738,"SLC22A3","0.52",2e-10,9.698970004
"279","6p24.3",6,7290204,"SSR1","0.4165",1e-09,9
"280","6p22.3",6,20661019,"CDKAL1","0.3181",2e-31,30.69897
"281","6p21.33",6,31168676,"POU5F1","0.7833",6e-09,8.22184875
"282","6p21.32",6,32372120,"HLA-DRB5, C6orf10","0.673",9e-06,5.045757491
"283","6q22.32",6,126434496,"CENPW","0.4553",2e-07,6.698970004
"284","6p21.32",6,32460338,"MHC","NR",1e-11,11
"285","6p22.3",6,20675561,"CDKAL1","NR",2e-14,13.69897
"286","6p21.1",6,43837071,"VEGFA","NR",1e-06,6
"287","6p22.3",6,20679478,"CDKAL1","0.292255",7e-35,34.15490196
"288","6p22.3",6,20679478,"CDKAL1","NR",2e-22,21.69897
"289","6p22.3",6,20679478,"CDKAL1","NR",2e-20,19.69897
"290","7q32.1",7,127524904,"PAX4, GCC1","0.79",5e-11,10.30103
"291","7p15.1",7,28140937,"JAZF1","0.5",5e-14,13.30103
"292","7p14.2",7,36878390,"ELMO1","NR",8e-06,5.096910013
"293","7q22.1",7,100892456,"ACHE","0.06",5e-06,5.301029996
"294","7q32.2",7,130782095,"KLF14",NA,2e-10,9.698970004
"295","7p15.1",7,28156603,"JAZF1",NA,3e-09,8.522878745
"296","7q32.1",7,127606849,"ARF5, PAX4, SND1","0.825",2e-10,9.698970004
"297","7p14.1",7,43280995,"HECW1","0.74",4e-06,5.397940009
"298","7q32.1",7,128222749,"MIR129, LEP","0.08",3e-13,12.52287875
"299","7p21.2",7,13861106,"ETV1",NA,7e-07,6.15490196
"300","7p14.3",7,30674820,"CRHR2",NA,8e-06,5.096910013
"301","7p15.1",7,28156794,"JAZF1","0.52",2e-09,8.698970004
"302","7p21.2",7,14858657,"DGKB","0.19",3e-07,6.522878745
"303","7p21.1",7,16850188,"AGR2, AGR3","NR",6e-06,5.22184875
"304","7q32.1",7,127561610,"GCC1","NR",3e-07,6.522878745
"305","7q32.1",7,127597258,"FSCN3, PAX4","NR",8e-10,9.096910013
"306","7q32.1",7,128223242,"MIR129, LEP","NR",8e-08,7.096910013
"307","7p15.1",7,28156603,"JAZF1","0.531",6e-13,12.22184875
"308","7q31.1",7,109950854,"EIF3IP1","NR",8e-06,5.096910013
"309","7p21.1",7,18508630,"HDAC9, MIR1302-6, TWIST1","NR",2e-06,5.698970004
"310","7q36.3",7,157235059,"MNX1","0.8",2e-08,7.698970004
"311","7p21.2",7,13854651,"NR","0.479",6e-06,5.22184875
"312","7p14.3",7,30688836,"NR","0.7651",7e-06,5.15490196
"313","7p21.2",7,14858657,"DGKB","0.166",1e-12,12
"314","7p21.2",7,15024684,"DGKB","0.505",1e-09,9
"315","7p15.1",7,28140937,"JAZF1","0.5199",4e-19,18.39794001
"316","7q34",7,140912363,"BRAF","0.15",1e-09,9
"317","7p21.2",7,14858657,"DGKB","0.166",2e-12,11.69897
"318","7p21.2",7,15024684,"DGKB","0.505",1e-06,6
"319","7p15.1",7,28140937,"JAZF1","0.5199",8e-18,17.09691001
"320","7p13",7,44196069,"intergenic","0.1759",6e-06,5.22184875
"321","7q34",7,140912363,"BRAF","0.1531",4e-07,6.397940009
"322","7p15.1",7,28159058,"JAZF1","NR",3e-19,18.52287875
"323","7p21.2",7,14999874,"DGKB","NR",2e-06,5.698970004
"324","7p21.2",7,14858657,"DGKB","0.192641",6e-11,10.22184875
"325","7p21.2",7,15013235,"DGKB","0.470992",3e-07,6.522878745
"326","7p15.1",7,28156794,"JAZF1","0.516793",3e-17,16.52287875
"327","7p13",7,44205764,"GCK","0.497435",6e-06,5.22184875
"328","7p15.1",7,28156794,"JAZF1","NR",3e-13,12.52287875
"329","7p21.2",7,14858657,"DGKB","NR",7e-13,12.15490196
"330","7p15.1",7,28156794,"JAZF1","NR",2e-08,7.698970004
"331","7q32.2",7,130757382,"KLF14","NR",2e-06,5.698970004
"332","8q24.11",8,117172544,"SLC30A8","0.7",6e-08,7.22184875
"333","8q24.11",8,117172544,"SLC30A8","0.67",3e-06,5.522878745
"334","8q24.11",8,117172544,"SLC30A8","0.65",5e-08,7.301029996
"335","8p11.21",8,41661944,"ANK1","0.794",1e-08,8
"336","8q24.11",8,117172544,"SLC30A8","NR",7e-06,5.15490196
"337","8q24.11",8,117172544,"SLC30A8","0.57",2e-14,13.69897
"338","8q24.11",8,117172544,"SLC30A8","0.61",5e-08,7.301029996
"339","8q24.11",8,117172544,"SLC30A8","0.69",5e-08,7.301029996
"340","8q24.11",8,117172544,"SLC30A8","0.68",8e-08,7.096910013
"341","8q24.11",8,117172786,"SLC30A8","0.68",4e-08,7.397940009
"342","8q22.1",8,94948283,"TP53INP1",NA,1e-09,9
"343","8q24.11",8,117172786,"SLC30A8",NA,1e-08,8
"344","8q13.2",8,67701155,"CPA6","0.73",9e-06,5.045757491
"345","8q22.1",8,94844683,"INTS8","0.22",1e-07,7
"346","8q22.1",8,94844683,"INTS8","0.22",1e-07,7
"347","8q24.22",8,133184606,"WISP1","0.75",2e-06,5.698970004
"348","8q24.11",8,117172544,"SLC30A8","0.58",5e-07,6.301029996
"349","8q24.21",8,128555832,"TMEM75",NA,1e-07,7
"350","8p11.21",8,41661730,"ANK1","0.77",2e-07,6.698970004
"351","8q22.1",8,94925274,"TP53INP1","0.53",6e-08,7.22184875
"352","8q24.11",8,117172786,"SLC30A8","0.7",2e-18,17.69897
"353","8p22",8,12954071,"KIAA1456","0.401",4e-06,5.397940009
"354","8p11.21",8,41651740,"ANK1","NR",1e-12,12
"355","8q24.11",8,117172544,"SLC30A8","NR",9e-13,12.04575749
"356","8q24.11",8,117172544,"SLC30A8","0.695",1e-11,11
"357","8q22.3",8,102440080,"UBR5, ODF1","NR",2e-06,5.698970004
"358","8q24.3",8,144312370,"NR","0.38",9e-06,5.045757491
"359","8q21.13",8,81431203,"NR","0.8546",6e-06,5.22184875
"360","8q22.3",8,104548593,"NR","0.929",1e-06,6
"361","8p11.23",8,37001668,"KCNU1","0.15",3e-09,8.522878745
"362","8p11.21",8,41661730,"ANK1","0.7694",2e-21,20.69897
"363","8q22.1",8,94948283,"TP53INP1","0.5398",2e-06,5.698970004
"364","8q24.11",8,117172544,"SLC30A8","0.2833",4e-42,41.39794001
"365","8p11.21",8,41661730,"ANK1","0.7694",5e-11,10.30103
"366","8q24.11",8,117172544,"SLC30A8","0.2833",2e-22,21.69897
"367","8q24.11",8,117172544,"SLC30A8","0.2546",2e-07,6.698970004
"368","8q24.11",8,117172544,"SLC30A8","NR",3e-15,14.52287875
"369","8p11.21",8,41630519,"ANK1","NR",2e-06,5.698970004
"370","8p11.21",8,41661730,"ANK1","0.764476",2e-10,9.698970004
"371","8q22.1",8,94925274,"TP53INP1","0.522528",5e-06,5.301029996
"372","8q24.11",8,117172786,"SLC30A8","0.662967",1e-21,21
"373","8q24.11",8,117172786,"SLC30A8","NR",1e-16,16
"374","8p11.21",8,41661730,"ANK1","NR",8e-11,10.09691001
"375","8q22.1",8,94925274,"TP53INP1","NR",7e-06,5.15490196
"376","8q24.11",8,117172786,"SLC30A8","NR",7e-11,10.15490196
"377","9p24.2",9,4287466,"GLIS3","0.41",2e-14,13.69897
"378","9q22.31",9,91213189,"AUH","0.77",6e-06,5.22184875
"379","9p21.3",9,22129580,"CDKN2A, CDKN2B","NR",2e-07,6.698970004
"380","9p21.3",9,22137686,"CDKN2B","NR",3e-08,7.522878745
"381","9q31.3",9,109764009,"PALM2, AKAP2","0.235",3e-06,5.522878745
"382","9q22.2",9,90870958,"SYK","0.152",5e-06,5.301029996
"383","9p21.3",9,22134095,"CDKN2B","NR",7e-07,6.15490196
"384","9p21.3",9,22132077,"CDKN2A, CDKN2B","0.55",2e-29,28.69897
"385","9p21.3",9,22134095,"CDKN2A, CDKN2B","0.83",5e-06,5.301029996
"386","9p21.3",9,22029548,"CDKN2A, CDKN2B","0.56",1e-06,6
"387","9p21.3",9,22134095,"CDKN2A, CDKN2B","0.83",8e-15,14.09691001
"388","9p21.3",9,22134095,"CDKN2A, CDKN2B","0.85",8e-15,14.09691001
"389","9p21.3",9,22136490,"CDKN2A, CDKN2B","NR",6e-10,9.22184875
"390","9p23",9,10430602,"PTPRD","0.35",6e-06,5.22184875
"391","9p24.2",9,4293150,"GLIS3","0.439",6e-12,11.22184875
"392","9p21.3",9,22132077,"CDKN2B","0.558",3e-17,16.52287875
"393","9p24.1",9,8879118,"PTPRD","0.06",9e-10,9.045757491
"394","9q21.31",9,79337213,"CHCHD9",NA,3e-08,7.522878745
"395","9p21.3",9,22133285,"CDKN2A, CDKN2B",NA,1e-10,10
"396","9p21.3",9,22132077,"CDKN2A","0.85",3e-06,5.522878745
"397","9q22.31",9,91633578,"ROR2","0.13",4e-06,5.397940009
"398","9q34.3",9,136357696,"GPSM1","0.874",2e-10,9.698970004
"399","9p21.3",9,22134095,"CDKN2A, CDKN2B","0.55",1e-18,18
"400","9p21.1",9,28772702,"LINGO2","NR",8e-06,5.096910013
"401","9q21.31",9,79290675,"TLE4","0.93",3e-08,7.522878745
"402","9p24.2",9,4287466,"GLIS3","0.5",5e-06,5.301029996
"403","9p21.3",9,22134095,"CDKN2A, CDKN2B","0.82",1e-27,27
"404","9q21.32",9,81694033,"TLE1","0.63",2e-06,5.698970004
"405","9q31.3",9,110657479,"SVEP1, MUSK","NR",1e-06,6
"406","9p21.3",9,22301093,"DMRTA1","0.935",2e-09,8.698970004
"407","9p21.3",9,22301093,"DMRTA1","NR",6e-15,14.22184875
"408","9p24.2",9,4297892,"GLIS3","NR",6e-08,7.22184875
"409","9p21.3",9,22132077,"CDKN2A, CDKN2B","NR",5e-33,32.30103
"410","9q21.31",9,79300468,"TLE4","NR",6e-06,5.22184875
"411","9q21.32",9,81678538,"TLE1","NR",3e-06,5.522878745
"412","9q34.3",9,136350837,"GPSM1","NR",1e-08,8
"413","9p21.3",9,22134095,"CDKN2A, CDKN2B","0.815",2e-10,9.698970004
"414","9p13.1",9,37971392,"SHB, SLC25A51, ALDH1B1","NR",4e-06,5.397940009
"415","9q34.2",9,133279427,"ABO","0.18",2e-08,7.698970004
"416","9p24.2",9,4287466,"GLIS3","0.4672",3e-08,7.522878745
"417","9p21.3",9,22134095,"CDKN2A/2B","0.168",2e-68,67.69897
"418","9q21.31",9,79337213,"TLE4","0.0646",2e-09,8.698970004
"419","9q21.32",9,81694033,"TLE1","0.4155",2e-14,13.69897
"420","9q34.3",9,136357696,"GPSM1","0.673",2e-12,11.69897
"421","9p21.3",9,22051671,"intergenic","0.5795",1e-11,11
"422","9p21.3",9,22134095,"CDKN2A/2B","0.168",1e-30,30
"423","9q21.31",9,79337213,"TLE4","0.0646",4e-06,5.397940009
"424","9q21.32",9,81694033,"TLE1","0.4155",8e-10,9.096910013
"425","9p21.3",9,22134095,"CDKN2A/2B","0.1319",9e-11,10.04575749
"426","9p21.3",9,22134254,"CDKN2A, CDKN2B","NR",1e-13,13
"427","9p24.2",9,4292083,"GLIS3","0.424978",3e-07,6.522878745
"428","9p21.3",9,22134095,"CDKN2A/B","0.824989",4e-27,26.39794001
"429","9q21.31",9,79290675,"TLE4","0.91061",3e-07,6.522878745
"430","9q21.32",9,81694033,"TLE1","0.574669",5e-09,8.301029996
"431","9p21.3",9,22133285,"CDKN2A/B","NR",9e-15,14.04575749
"432","9q21.32",9,81694033,"TLE1","NR",5e-09,8.301029996
"433","9p24.2",9,4292083,"GLIS3","NR",6e-07,6.22184875
"434","9q21.31",9,79290675,"TLE4","NR",3e-06,5.522878745
"435","9p21.3",9,22133285,"CDKN2A/B","NR",6e-16,15.22184875
"436","10q22.1",10,69171718,"VPS26A","0.26",4e-08,7.397940009
"437","10q25.2",10,112998590,"TCF7L2","0.26 (EA+AA)",2e-15,14.69897
"438","10p13",10,12272998,"CDC123, CAMK1D","0.57",1e-08,8
"439","10q23.33",10,92705802,"HHEX","0.17",9e-06,5.045757491
"440","10p13",10,12286011,"CDC123, CAMK1D","0.18",1e-10,10
"441","10q23.33",10,92703125,"HHEX","0.6",3e-06,5.522878745
"442","10q25.2",10,112998590,"TCF7L2","0.3",2e-34,33.69897
"443","10q25.2",10,112998590,"TCF7L2","0.3",2e-10,9.698970004
"444","10q23.33",10,92703125,"HHEX","0.53",6e-10,9.22184875
"445","10q25.2",10,112996282,"TCF7L2","0.32",5e-12,11.30103
"446","10q25.2",10,112998590,"TCF7L2","NR",5e-08,7.301029996
"447","10q23.33",10,92705802,"HHEX","NR",7e-08,7.15490196
"448","10q25.2",10,112998590,"TCF7L2","NR",3e-23,22.52287875
"449","10q25.2",10,112998590,"TCF7L2","NR",6e-16,15.22184875
"450","10q25.2",10,112998590,"TCF7L2","NR",9e-30,29.04575749
"451","10q23.33",10,92703125,"HHEX","0.28",7e-12,11.15490196
"452","10q25.2",10,112998590,"TCF7L2","0.04",8e-12,11.09691001
"453","10q25.2",10,112998590,"TCF7L2","0.18",1e-08,8
"454","10q23.33",10,92705802,"HHEX","0.57",5e-06,5.301029996
"455","10q25.2",10,112998590,"TCF7L2","0.26",1e-48,48
"456","10q23.33",10,92703125,"HHEX","0.52",6e-10,9.22184875
"457","10q25.2",10,112994329,"TCF7L2","NR",1e-48,48
"458","10q25.2",10,112998590,"TCF7L2","0.27",1e-30,30
"459","10q23.33",10,92588073,"KIF11","0.26",7e-06,5.15490196
"460","10q26.3",10,131149699,"TCERG1L","0.93",5e-06,5.301029996
"461","10q25.2",10,112998590,"TCF7L2","0.29",2e-40,39.69897
"462","10q25.2",10,112998590,"TCF7L2","0.29",4e-21,20.39794001
"463","10q23.33",10,92705802,"HHEX","0.57",2e-09,8.698970004
"464","10q26.11",10,119389891,"GRK5","0.778",7e-09,8.15490196
"465","10p13",10,12265895,"CDC123","0.564",7e-09,8.15490196
"466","10q23.33",10,92705802,"HHEX, IDE",NA,1e-15,15
"467","10q25.2",10,112998590,"TCF7L2",NA,2e-51,50.69897
"468","10q25.2",10,112998590,"TCF7L2","0.3",5e-44,43.30103
"469","10q25.2",10,112998590,"TCF7L2","0.3",4e-94,93.39794001
"470","10q25.2",10,112998590,"TCF7L2","0.3",1e-35,35
"471","10q25.2",10,112998590,"TCF7L2","0.31",3e-19,18.52287875
"472","10q25.2",10,112998590,"TCF7L2","0.31",6e-22,21.22184875
"473","10q25.2",10,112998590,"TCF7L2","0.3",3e-35,34.52287875
"474","10q25.2",10,112998590,"TCF7L2","0.3",2e-38,37.69897
"475","10q25.2",10,112998590,"TCF7L2","0.5",9e-75,74.04575749
"476","10q25.2",10,112994329,"TCF7L2","0.45",1e-06,6
"477","10q25.2",10,112994312,"TCF7L2","0.4",8e-08,7.096910013
"478","10q25.2",10,112998590,"TCF7L2","0.04",2e-15,14.69897
"479","10q23.33",10,92703125,"HHEX","0.29",2e-08,7.698970004
"480","10q26.13",10,122432914,"PLEKHA1",NA,1e-07,7
"481","10q22.1",10,69692529,"C10orf35",NA,5e-06,5.301029996
"482","10q23.31",10,88008827,"PTEN",NA,9e-06,5.045757491
"483","10q25.2",10,112998590,"TCF7L2","NR",1e-14,14
"484","10q25.2",10,112998590,"TCF7L2","0.3",8e-75,74.09691001
"485","10q23.33",10,92703125,"HHEX, IDE","0.58",3e-19,18.52287875
"486","10p13",10,12265895,"CDC123","0.23",3e-09,8.522878745
"487","10q22.3",10,79182874,"ZMIZ1","0.51",2e-10,9.698970004
"488","10q25.2",10,112998590,"TCF7L2","0.25",1e-11,11
"489","10q26.12",10,121090153,"RPL19P16","0.792",3e-07,6.522878745
"490","10q23.33",10,93052497,"IDE, HHEX","0.032",2e-14,13.69897
"491","10q23.33",10,92898450,"IDE, HHEX","0.04",2e-14,13.69897
"492","10p13",10,12265895,"CDC123, CAMK1D","NR",1e-12,12
"493","10q22.3",10,79184084,"ZMIZ1","NR",3e-08,7.522878745
"494","10q23.33",10,92713872,"HHEX, IDE","NR",6e-20,19.22184875
"495","10q25.2",10,112994312,"TCF7L2","NR",3e-23,22.52287875
"496","10q25.2",10,112994312,"TCF7L2","0.28",6e-53,52.22184875
"497","10p14",10,9470063,"LOC101928272","NR",4e-06,5.397940009
"498","10q21.3",10,63341311,"JMJD1C","NR",5e-06,5.301029996
"499","10q26.13",10,122427198,"PLEKHA1","0.5",2e-13,12.69897
"500","10p13",10,12265895,"CDC123","0.2266",3e-29,28.52287875
"501","10q22.3",10,79182874,"ZMIZ1","0.4503",2e-20,19.69897
"502","10q23.33",10,92703125,"HHEX","0.4245",6e-39,38.22184875
"503","10q25.2",10,112998590,"TCF7L2","0.3171",1e-219,219
"504","10q26.13",10,122407996,"PLEKHA1","0.53",4e-11,10.39794001
"505","10p13",10,12265895,"CDC123","0.2266",3e-10,9.522878745
"506","10q22.3",10,79182874,"ZMIZ1","0.4503",3e-11,10.52287875
"507","10q23.33",10,92703125,"HHEX","0.4245",3e-26,25.52287875
"508","10q25.2",10,112998590,"TCF7L2","0.3171",2e-184,183.69897
"509","10q26.13",10,122407996,"PLEKHA1","0.4652",2e-08,7.698970004
"510","10q25.2",10,112998590,"TCF7L2","0.2986",3e-23,22.52287875
"511","10q22.1",10,69706172,"NEUROG3","NR",8e-09,8.096910013
"512","10q25.2",10,112994312,"TCF7L2","NR",1e-94,94
"513","10p13",10,12265895,"CDC123, CAMK1D","NR",4e-10,9.397940009
"514","10q22.3",10,79182128,"ZMIZ1","NR",5e-06,5.301029996
"515","10p13",10,12265895,"CDC123, CAMK1D","0.231036",2e-06,5.698970004
"516","10q22.3",10,79182874,"ZMIZ1","0.517057",1e-10,10
"517","10q23.33",10,92703125,"HHEX, IDE","0.581455",2e-19,18.69897
"518","10q25.2",10,112998590,"TCF7L2","0.26838",1e-139,139
"519","10q25.2",10,112998590,"TCF7L2","NR",6e-92,91.22184875
"520","10q23.33",10,92703125,"HHEX, IDE","NR",5e-12,11.30103
"521","10q22.3",10,79182874,"ZMIZ1","NR",6e-07,6.22184875
"522","10q25.2",10,112998590,"TCF7L2","NR",4e-73,72.39794001
"523","10q23.33",10,92703125,"HHEX, IDE","NR",7e-13,12.15490196
"524","10q22.3",10,79182874,"ZMIZ1","NR",1e-06,6
"525","11p15.4",11,2822986,"KCNQ1","0.34",2e-17,16.69897
"526","11p15.4",11,2818521,"KCNQ1","0.657",1e-07,7
"527","11p15.1",11,17387083,"KCNJ11","NR",4e-07,6.397940009
"528","11p15.1",11,17387083,"KCNJ11","NR",5e-11,10.30103
"529","11p15.1",11,17388025,"KCNJ11","NR",5e-07,6.301029996
"530","11p15.4",11,11206827,"GALNTL4, LOC729013","0.53",2e-06,5.698970004
"531","11q24.3",11,129603795,"TMEM45B, BARX2","0.91",3e-07,6.522878745
"532","11p15.1",11,17388025,"KCNJ11","NR",1e-09,9
"533","11p15.4",11,2818521,"KCNQ1","0.61",2e-42,41.69897
"534","11p15.4",11,2837316,"KCNQ1","0.34",1e-16,16
"535","11p15.4",11,2818521,"KCNQ1","0.59",1e-26,26
"536","11p12",11,41893816,"intergenic","0.89",6e-08,7.22184875
"537","11p15.1",11,17388025,"KCNJ11","0.47",7e-11,10.15490196
"538","11p15.1",11,17388025,"KCNJ11","0.46",7e-11,10.15490196
"539","11p15.4",11,2818521,"KCNQ1","NR",4e-06,5.397940009
"540","11p15.4",11,2835964,"KCNQ1","0.33",1e-09,9
"541","11p15.5",11,2670241,"KCNQ1",NA,3e-13,12.52287875
"542","11q13.4",11,72722053,"CENTD2",NA,1e-22,22
"543","11q14.3",11,92940662,"MTNR1B",NA,8e-15,14.09691001
"544","11p15.5",11,2157440,"INS-IGF2","0.23",3e-08,7.522878745
"545","11p15.5",11,2183058,"ASCL2, TH","0.81",1e-07,7
"546","11p15.4",11,2828300,"KCNQ1","0.89",1e-10,10
"547","11p15.4",11,2828300,"KCNQ1","0.89",5e-13,12.30103
"548","11p15.5",11,2684113,"KCNQ1","0.27",4e-08,7.397940009
"549","11p15.4",11,2810311,"KCNQ1","0.48",5e-09,8.301029996
"550","11p15.4",11,2818521,"KCNQ1","0.61",4e-29,28.39794001
"551","11p15.4",11,2837316,"KCNQ1","NR",9e-15,14.04575749
"552","11q13.4",11,72722053,"CENTD2, ARAP1","0.83",1e-07,7
"553","11p15.4",11,2825839,"KCNQ1","0.5",2e-14,13.69897
"554","11p15.1",11,17387083,"KCNJ11","0.38",3e-11,10.52287875
"555","11q14.3",11,92975544,"MTNR1B","0.27",2e-07,6.698970004
"556","11p15.4",11,2825839,"KCNQ1","0.41",1e-07,7
"557","11q14.3",11,92975544,"MTNR1B","0.2",2e-07,6.698970004
"558","11p15.4",11,2828300,"KCNQ1","0.79",8e-13,12.09691001
"559","11p15.5",11,2193859,"MIR4686","0.09",2e-08,7.698970004
"560","11p15.5",11,2193859,"MIR4686","NR",1e-11,11
"561","11p15.4",11,2837210,"KCNQ1","NR",3e-70,69.52287875
"562","11p15.5",11,2620807,"KCNQ1","NR",1e-07,7
"563","11q13.4",11,72767275,"ARAP1, CENTD2","NR",3e-06,5.522878745
"564","11q23.3",11,115620719,"CADM1, LINC00900","NR",9e-06,5.045757491
"565","11q23.3",11,115620719,"CADM1, LINC00900","NR",6e-07,6.22184875
"566","11p15.4",11,2817183,"KCNQ1","0.43",1e-06,6
"567","11p11.2",11,43856384,"HSD17B12","0.28",4e-10,9.397940009
"568","11q13.1",11,65596914,"MAP3K11","0.25",4e-08,7.397940009
"569","11p15.5",11,2191936,"MIR4686","0.2614",3e-11,10.52287875
"570","11p15.5",11,2670241,"KCNQ1","0.498",2e-11,10.69897
"571","11p15.4",11,2818521,"KCNQ1","0.0626",2e-63,62.69897
"572","11p15.1",11,17387083,"KCNJ11","0.6471",1e-20,20
"573","11q13.4",11,72722053,"ARAP1","0.1501",3e-17,16.52287875
"574","11q14.3",11,92975544,"MTNR1B","0.2883",4e-18,17.39794001
"575","11p15.5",11,2670241,"KCNQ1","0.498",4e-09,8.397940009
"576","11p15.4",11,2818521,"KCNQ1","0.0626",1e-09,9
"577","11p15.4",11,2825839,"intergenic","0.493",5e-14,13.30103
"578","11p15.1",11,17387083,"KCNJ11","0.6471",8e-14,13.09691001
"579","11q13.4",11,72722053,"ARAP1","0.1501",1e-13,13
"580","11q14.3",11,92975544,"MTNR1B","0.2883",3e-16,15.52287875
"581","11q14.3",11,92938578,"MTNR1B","NR",4e-07,6.397940009
"582","11p15.1",11,17396930,"KCNJ11","NR",7e-08,7.15490196
"583","11p15.4",11,2825839,"KCNQ1","0.49816",1e-11,11
"584","11p15.5",11,2670270,"KCNQ1","0.285885",1e-09,9
"585","11p15.1",11,17387083,"KCNJ11","0.407703",9e-10,9.045757491
"586","11q13.4",11,72722053,"ARAP1","0.813602",2e-10,9.698970004
"587","11q14.3",11,92975544,"MTNR1B","0.306096",5e-13,12.30103
"588","11p15.4",11,2825839,"KCNQ1","NR",9e-15,14.04575749
"589","11q14.3",11,92975544,"MTNR1B","NR",3e-10,9.522878745
"590","11q13.4",11,72722053,"ARAP1","NR",9e-09,8.045757491
"591","11p15.1",11,17396930,"KCNJ11","NR",3e-06,5.522878745
"592","12q12",12,43176712,"ADAMTS20","NR",9e-06,5.045757491
"593","12q14.3",12,65723778,"HMGA2, MSRB3","0.77",4e-06,5.397940009
"594","12q21.1",12,71269322,"LGR5, TSPAN8","0.27",1e-09,9
"595","12q21.1",12,71183321,"NR","0.5",7e-06,5.15490196
"596","12q13.12",12,50963759,"NR","0.15",7e-06,5.15490196
"597","12q13.2",12,54705212,"DCD","0.73",2e-07,6.698970004
"598","12q24.31",12,120965129,"HNF1A","NR",2e-08,7.698970004
"599","12q14.3",12,65781114,"HMGA2",NA,4e-09,8.397940009
"600","12q24.31",12,121022883,"HNF1A",NA,2e-08,7.698970004
"601","12q21.1",12,71241014,"LGR5, TSPAN8",NA,4e-06,5.397940009
"602","12q14.3",12,65857160,"HMGA2","0.81",9e-09,8.045757491
"603","12q14.3",12,65857160,"HMGA2","0.81",3e-12,11.52287875
"604","12q24.31",12,123156306,"MPHOSPH9",NA,1e-08,8
"605","12q14.3",12,65818538,"HMGA2","0.09",4e-08,7.397940009
"606","12q24.31",12,120989098,"HNF1A","0.77",4e-06,5.397940009
"607","12p11.22",12,27812217,"KLHDC5","0.8",8e-06,5.096910013
"608","12p11.21",12,31313679,"FAM60A","0.184",8e-10,9.096910013
"609","12p11.21",12,31313679,"FAM60A","NR",8e-13,12.09691001
"610","12q24.31",12,120994496,"HNF1A","0.228",5e-06,5.301029996
"611","12p11.22",12,27810574,"KLHDC5","NR",2e-06,5.698970004
"612","12q24.33",12,129613305,"TMEM132D, LOC101927735, LOC100190940","NR",4e-06,5.397940009
"613","12p12.1",12,21599174,"NR","0.7504",2e-06,5.698970004
"614","12q21.2",12,77004941,"NR","0.8276",3e-06,5.522878745
"615","12p13.32",12,4265207,"CCND2","0.2018",3e-08,7.522878745
"616","12p11.22",12,27812217,"KLHDC5","0.2078",9e-12,11.04575749
"617","12q14.3",12,65781114,"HMGA2","0.1272",5e-07,6.301029996
"618","12q21.1",12,71269322,"TSPAN8","0.7018",7e-06,5.15490196
"619","12q24.31",12,121022883,"HNF1A","0.1988",1e-09,9
"620","12q24.31",12,122963381,"ABCB9","0.6899",2e-07,6.698970004
"621","12p13.32",12,4265207,"CCND2","0.2018",2e-08,7.698970004
"622","12p11.23",12,26304717,"intergenic","0.2217",2e-07,6.698970004
"623","12p11.22",12,27812217,"KLHDC5","0.2078",2e-10,9.698970004
"624","12q14.3",12,65781114,"HMGA2","0.1272",4e-06,5.397940009
"625","12q24.31",12,121022883,"HNF1A","0.1988",3e-09,8.522878745
"626","12q24.31",12,122963381,"ABCB9","0.6899",2e-07,6.698970004
"627","12q24.31",12,121249126,"CAMKK2","NR",4e-08,7.397940009
"628","12p13.32",12,4275678,"CCND2","NR",2e-10,9.698970004
"629","12q14.3",12,65985724,"HMGA2","NR",3e-06,5.522878745
"630","12p11.22",12,27805180,"KLHDC5","NR",3e-06,5.522878745
"631","12p13.32",12,4265207,"CCND2","0.21445",3e-07,6.522878745
"632","12p11.22",12,27812217,"KLHDC5","0.801138",6e-10,9.22184875
"633","12q14.3",12,65818538,"HMGA2","0.100954",1e-09,9
"634","12q15",12,71039513,"TSPAN8, LGR5","0.446519",7e-09,8.15490196
"635","12q24.31",12,120989098,"HNF1A","0.794086",7e-08,7.15490196
"636","12p13.32",12,4265207,"CCND2","NR",1e-09,9
"637","12p11.22",12,27812217,"KLHDC5","NR",3e-08,7.522878745
"638","12q14.3",12,65818538,"HMGA2","NR",1e-07,7
"639","12q15",12,71045809,"TSPAN8, LGR5","NR",2e-06,5.698970004
"640","13q21.31",13,64920645,"intergenic","NR",9e-06,5.045757491
"641","13q14.13",13,45312051,"GTF2F2, TPT1","NR",1e-06,6
"642","13q21.33",13,71021178,"LINC00348","NR",3e-06,5.522878745
"643","13q22.1",13,73190488,"KLF5, KLF12","NR",2e-07,6.698970004
"644","13q31.1",13,80143021,"SPRY2","0.71",6e-09,8.22184875
"645","13q12.12",13,23290518,"SGCG, SACS","0.93",2e-08,7.698970004
"646","13q12.13",13,26207391,"RNF6",NA,2e-07,6.698970004
"647","13q31.1",13,80143021,"SPRY2","0.73",6e-06,5.22184875
"648","13q31.1",13,80131180,"SPRY2","NR",3e-06,5.522878745
"649","13q12.13",13,26207391,"RNF6","0.78",1e-09,9
"650","13q13.1",13,32980164,"KL","0.16",9e-13,12.04575749
"651","13q31.1",13,80143021,"SPRY2","0.2674",1e-15,15
"652","13q31.3",13,91287915,"MIR17HG","0.72",4e-09,8.397940009
"653","13q12.13",13,26207391,"RNF6","0.2247",2e-06,5.698970004
"654","13q13.1",13,32980164,"KL","0.837",6e-07,6.22184875
"655","13q31.1",13,80143021,"SPRY2","0.2674",8e-12,11.09691001
"656","13q31.3",13,91287915,"MIR17HG","0.2783",6e-07,6.22184875
"657","13q31.1",13,80131180,"SPRY2","NR",1e-07,7
"658","13q31.1",13,80143021,"SPRY2","0.718542",1e-08,8
"659","14q23.1",14,59285112,"DAAM1","0.01",5e-06,5.301029996
"660","14q32.2",14,100676553,"C14orf70","NR",8e-06,5.096910013
"661","14q21.1",14,38378799,"CLEC14A, LINC00639","NR",8e-06,5.096910013
"662","14q21.1",14,38313138,"CLEC14A, LINC00639","NR",3e-06,5.522878745
"663","14q21.1",14,38313138,"CLEC14A, LINC00639","NR",9e-06,5.045757491
"664","14q31.1",14,79478819,"NRXN3","0.21",2e-09,8.698970004
"665","15q22.2",15,62121815,"C2CD4B, C2CD4A","0.64",8e-06,5.096910013
"666","15q24.3",15,77454848,"HMG20A","0.52",7e-11,10.15490196
"667","15q26.1",15,89831025,"AP3S2","0.31",2e-11,10.69897
"668","15q22.2",15,62104190,"C2CD4B, C2CD4A","0.58",9e-14,13.04575749
"669","15q22.2",15,62112183,"C2CD4B","0.73",7e-07,6.15490196
"670","15q24.3",15,77454848,"HMG20A","0.7",1e-08,8
"671","15q24.3",15,77485290,"HMG20A","0.19",5e-07,6.301029996
"672","15q14",15,38530704,"RASGRP1","0.346",4e-09,8.397940009
"673","15q25.1",15,80139880,"ZFAND6",NA,2e-09,8.698970004
"674","15q26.1",15,90978107,"PRC1",NA,2e-10,9.698970004
"675","15q22.2",15,60076007,"ANXA2","0.69",7e-06,5.15490196
"676","15q22.2",15,60076007,"ANXA2","0.69",7e-06,5.15490196
"677","15q22.2",15,62104190,"C2CD4B, C2CD4A","0.57",1e-06,6
"678","15q26.1",15,89831025,"AP3S2","0.23",3e-06,5.522878745
"679","15q26.1",15,89831025,"AP3S2","0.29",5e-07,6.301029996
"680","15q26.1",15,91000846,"PRC1","0.3",6e-07,6.22184875
"681","15q22.2",15,62099409,"C2CD4A","0.56",4e-06,5.397940009
"682","15q24.3",15,77454848,"HMG20A","0.7",2e-11,10.69897
"683","15q14",15,38530704,"RASGRP1","0.33",6e-06,5.22184875
"684","15q15.1",15,40327523,"INAFM2","0.264",2e-08,7.698970004
"685","15q15.1",15,40327523,"INAFM2","NR",2e-10,9.698970004
"686","15q26.1",15,90962549,"PRC1","NR",4e-06,5.397940009
"687","15q22.2",15,62116871,"C2CD4A/B","NR",5e-09,8.301029996
"688","15q22.2",15,62104190,"C2CD4A","0.4115",5e-09,8.301029996
"689","15q24.3",15,77454848,"HMG20A","0.4836",1e-17,17
"690","15q26.1",15,89831025,"AP3S2","0.7326",4e-08,7.397940009
"691","15q26.1",15,90978107,"PRC1","0.331",2e-09,8.698970004
"692","15q24.3",15,77454848,"HMG20A","0.6928",2e-08,7.698970004
"693","15q26.1",15,90978107,"PRC1","0.331",6e-09,8.22184875
"694","15q24.3",15,77454848,"HMG20A","0.4836",6e-07,6.22184875
"695","15q26.1",15,89885916,"AP3S2","NR",4e-06,5.397940009
"696","15q22.2",15,62090956,"C2CD4A","0.518359",2e-06,5.698970004
"697","15q24.3",15,77540420,"HMG20A","0.678862",5e-09,8.301029996
"698","15q26.1",15,91000846,"PRC1","0.309689",6e-09,8.22184875
"699","15q26.1",15,91000846,"PRC1","NR",8e-08,7.096910013
"700","15q24.3",15,77540420,"HMG20A","NR",2e-06,5.698970004
"701","16p13.12",16,12624996,"CPPED1, SNX29","NR",8e-06,5.096910013
"702","16q23.2",16,81455768,"CMIP","0.8",3e-07,6.522878745
"703","16q23.2",16,79373021,"WWOX","0.32",9e-07,6.045757491
"704","16q12.2",16,53786615,"FTO","0.4",2e-07,6.698970004
"705","16q12.2",16,53782363,"FTO","NR",7e-06,5.15490196
"706","16q12.2",16,53782363,"FTO","NR",2e-17,16.69897
"707","16q12.2",16,53782363,"FTO","0.4",7e-14,13.15490196
"708","16q12.2",16,53782363,"FTO","0.38",1e-12,12
"709","16q12.2",16,53786615,"FTO","0.4",1e-20,20
"710","16q12.2",16,53811575,"FTO",NA,3e-08,7.522878745
"711","16q12.2",16,53782363,"FTO","0.34",6e-06,5.22184875
"712","16q12.2",16,53785257,"FTO","0.39",1e-12,12
"713","16p12.1",16,24799360,"TNRC6A","NR",5e-06,5.301029996
"714","16q24.1",16,85702046,"C16orf74","0.697",6e-07,6.22184875
"715","16q12.2",16,53767042,"FTO","NR",4e-15,14.39794001
"716","16q23.1",16,77276712,"SYCE1L, ADAMTS18","NR",6e-06,5.22184875
"717","16q23.2",16,81501185,"CMIP","0.3",2e-09,8.698970004
"718","16p13.3",16,250642,"ITFG3","0.83",1e-09,9
"719","16q12.2",16,53782363,"FTO","0.4135",3e-39,38.52287875
"720","16q23.1",16,75213347,"CTRB1/2","0.1034",4e-06,5.397940009
"721","16q23.2",16,81501185,"CMIP","0.29",2e-08,7.698970004
"722","16p13.3",16,250642,"ITFG3","0.173",4e-06,5.397940009
"723","16q12.2",16,53782363,"FTO","0.4135",3e-26,25.52287875
"724","16q23.1",16,75213347,"CTRB1/2","0.1034",5e-10,9.301029996
"725","16q23.2",16,81501185,"CMIP","0.7117",8e-07,6.096910013
"726","16q23.1",16,75212039,"BCAR1","NR",1e-07,7
"727","16q12.2",16,53785257,"FTO","0.408448",3e-23,22.52287875
"728","16q23.1",16,75213347,"BCAR1","0.890916",4e-08,7.397940009
"729","16q12.2",16,53785257,"FTO","NR",3e-18,17.52287875
"730","16q23.1",16,75213347,"BCAR1","NR",7e-08,7.15490196
"731","16q12.2",16,53785257,"FTO","NR",6e-11,10.22184875
"732","17q12",17,37738049,"HNF1B","0.276",2e-11,10.69897
"733","17p13.3",17,2312964,"SRR","0.62",3e-09,8.522878745
"734","17q12",17,37738049,"HNF1B, TCF2",NA,2e-06,5.698970004
"735","17p13.1",17,7041768,"SLC16A13, SLC16A11","NR",5e-15,14.30103
"736","17p13.3",17,796780,"NXN","0.15",4e-06,5.397940009
"737","17p13.1",17,7037074,"SLC16A13","0.078",8e-13,12.09691001
"738","17q12",17,37738049,"HNF1B","0.37",4e-06,5.397940009
"739","17q12",17,37738049,"HNF1B","0.53",9e-10,9.045757491
"740","17p13.1",17,7042164,"SLC16A13","NR",8e-11,10.09691001
"741","17q12",17,37739961,"HNF1B, TCF2","NR",4e-15,14.39794001
"742","17q21.31",17,42811886,"BECN1, CNTD1, MIR6781","NR",3e-06,5.522878745
"743","17p13.2",17,4111090,"ZZEF1","0.3",3e-10,9.522878745
"744","17p13.1",17,9877070,"GLP2R","0.34",3e-08,7.522878745
"745","17q21.32",17,48889676,"GIP","0.51",4e-08,7.397940009
"746","17q21.33",17,50559173,"NR","0.726",4e-06,5.397940009
"747","17q11.2",17,29320612,"NR","0.2882",2e-06,5.698970004
"748","17p11.2",17,17751005,"NR","0.3223",7e-07,6.15490196
"749","17q12",17,37738049,"HNF1B","0.5249",3e-15,14.52287875
"750","17q21.32",17,48917608,"CALCOCO2, ATP5G1, UBE2Z, SNF8, GIP","NR",3e-08,7.522878745
"751","17q12",17,37742390,"HNF1B","0.444815",2e-11,10.69897
"752","17q12",17,37742390,"HNF1B","NR",7e-06,5.15490196
"753","17q12",17,37742390,"HNF1B","NR",3e-09,8.522878745
"754","17q21.32",17,48922889,NA,"0.57",3e-08,7.522878745
"755","18p11.31",18,5030024,"C18orf42","NR",3e-06,5.522878745
"756","18p11.31",18,7068463,"LAMA1","0.38",8e-09,8.096910013
"757","18p11.31",18,2948031,"LPIN2","0.6",9e-06,5.045757491
"758","18q11.2",18,24259188,"OSBPL1A","0.11",1e-06,6
"759","18q21.32",18,60217517,"MC4R","0.27",3e-08,7.522878745
"760","18q12.3",18,43192321,"PROX1","0.5046",3e-07,6.522878745
"761","18q21.32",18,60217517,"MC4R","0.2674",3e-12,11.52287875
"762","18q21.32",18,60381959,"Intergenic","0.0308",4e-07,6.397940009
"763","18q21.33",18,63178651,"BCL2","0.3857",4e-08,7.397940009
"764","18q21.32",18,60217517,"MC4R","0.2674",5e-10,9.301029996
"765","18q21.32",18,60381959,"Intergenic","0.0308",5e-07,6.301029996
"766","18q21.32",18,60381959,"MC4R","0.959771",4e-07,6.397940009
"767","18q21.32",18,60217517,"MC4R","0.270057",1e-08,8
"768","18q21.32",18,60191596,"MC4R","NR",6e-08,7.22184875
"769","19q13.11",19,33402102,"PEPD","0.56",1e-08,8
"770","19q13.2",19,39090097,"FLJ16165","0.22",9e-06,5.045757491
"771","19q13.32",19,45655255,"GIPR","0.3",5e-06,5.301029996
"772","19q13.32",19,45654658,"GIPR","NR",9e-08,7.045757491
"773","19q13.32",19,44888997,"TOMM40, APOE","0.844",7e-09,8.15490196
"774","19p13.11",19,19499787,"GATAD2A, CILP2","0.0775",4e-09,8.397940009
"775","19q13.11",19,33402102,"PEPD","0.4026",5e-06,5.301029996
"776","19q13.32",19,44919689,"APOE, APOC1","0.1978",9e-08,7.045757491
"777","19q13.32",19,45669020,"GIPR","0.1074",3e-12,11.52287875
"778","19p13.11",19,19499787,"GATAD2A, CILP2","0.0775",9e-13,12.04575749
"779","19q13.32",19,44919689,"APOE, APOC1","0.1978",2e-07,6.698970004
"780","19q13.32",19,45657402,"GIPR","NR",1e-06,6
"781","19q13.32",19,45655255,"GIPR","0.310741",4e-07,6.397940009
"782","19p13.11",19,19296909,"CILP2","0.080537",7e-09,8.15490196
"783","19p13.11",19,19296909,"CILP2","NR",3e-07,6.522878745
"784","19q13.32",19,45655255,"GIPR","NR",2e-07,6.698970004
"785","20q11.21",20,32725930,"COMMD7","NR",9e-06,5.045757491
"786","20q13.12",20,44360627,"HNF4A","0.29",3e-10,9.522878745
"787","20q13.12",20,44318326,"FITM2, R3HDML, HNF4A","0.48",1e-11,11
"788","20q13.31",20,57454548,"CTCFL, RBM38, HMG1L1, PCK1","0.8",2e-06,5.698970004
"789","20q13.12",20,44360627,"HNF4A","0.16",5e-08,7.301029996
"790","20q13.2",20,53554244,"LOC101927770, TSHZ2, ZNF217","NR",5e-06,5.301029996
"791","20q13.12",20,47129016,"NR","0.5223",5e-06,5.301029996
"792","20p12.2",20,10771962,"JAG1","0.23",1e-08,8
"793","20q13.12",20,44360627,"HNF4A","0.16",4e-10,9.397940009
"794","21q22.11",21,32012873,"HUNK","0.57",4e-06,5.397940009
"795","22q12.2",22,31249773,"LIMK2","0.94",4e-06,5.397940009
"796","22q13.31",22,43852624,"SULT4A1","NR",9e-06,5.045757491
"797","22q13.33",22,50001867,"NR","0.5163",6e-08,7.22184875
"798","Xq28",NA,153597180,"FAM58A","0.786",2e-09,8.698970004
"799","Xq28",NA,153634467,"DUSP9","0.606",7e-16,15.15490196
"800","Xq28",NA,153634467,"DUSP9",NA,3e-10,9.522878745
"801","Xq28",NA,153634467,"DUSP9","0.68",2e-12,11.69897
"802","11p15.4, 11p15.5",NA,NA,"KCNQ1","NR",1e-14,14
"803","11p15.4, 11p15.5",NA,NA,"KCNQ1","NR",7e-11,10.15490196
"804",NA,NA,NA,"ABO","NR",5e-08,7.301029996
"805",NA,NA,NA,"TSPAN8, LGR5","NR",2e-06,5.698970004
"806",NA,NA,NA,"HHEX, IDE","NR",3e-09,8.522878745
"807",NA,NA,NA,"ARAP1, CENTD2","NR",2e-06,5.698970004
"808",NA,NA,NA,"ARL15","NR",2e-07,6.698970004
"809",NA,NA,NA,"KLF14","NR",8e-06,5.096910013
