"","identifier","resultset","Associated Gene","Chromosome","Chromosome Position","pvalue","neglog_pvalue"
"1","HGVM19089769","HGVRS16","rs17025978",1,111069611,6.56e-06,5.183
"2","HGVM81620","HGVRS16","rs640742",1,20984554,2.9e-05,4.538
"3","HGVM1231498","HGVRS16","rs1932397",1,30063197,7.14e-05,4.146
"4","HGVM1251470","HGVRS16","rs2501354",1,159815642,8.08e-05,4.093
"5","HGVM8430604","HGVRS16","rs9286938",1,30077101,9.14e-05,4.039
"6","HGVM4235200","HGVRS16","rs11591062",1,22760900,0.000104,3.983
"7","HGVM3630530","HGVRS161","rs10923931",1,120517959,4e-08,7.398
"8","HGVM781119","HGVRS34","rs1193179",1,7569602,6.3e-07,6.201
"9","HGVM1241943","HGVRS34","rs2317948",1,55434443,5.5e-06,5.26
"10","HGVM773704","HGVRS34","rs859101",1,95324784,7e-06,5.155
"11","HGVM7002800","HGVRS34","rs6670163",1,237536584,2e-05,4.699
"12","HGVM3957834","HGVRS34","rs11249433",1,121280613,2.3e-05,4.638
"13","HGVM2661283","HGVRS72","rs4655595",1,66558759,2.7e-06,5.569
"14","HGVM755337","HGVRS72","rs480075",1,186456336,0.00032,3.495
"15","HGVM3504841","HGVRS87","rs10798895",1,30086662,3.3e-05,4.481
"16","HGVM1235684","HGVRS88","rs2166890",1,105112356,2.4e-05,4.62
"17","HGVM7820975","HGVRS88","rs7553985",1,105106498,2.7e-05,4.569
"18","HGVM7819402","HGVRS88","rs7552405",1,105113849,3e-05,4.523
"19","HGVM2256537","HGVRS89","rs3738028",1,154698817,4.6e-05,4.337
"20","HGVM3630530","HGVRS9","rs10923931",1,120517959,8.665e-08,7.062
"21","HGVM1263074","HGVRS9","rs2793831",1,120523902,3.678e-06,5.434
"22","HGVM1622791","HGVRS9","rs2934381",1,120506108,8.434e-06,5.074
"23","HGVM772689","HGVRS9","rs835575",1,120456563,9.245e-06,5.034
"24","HGVM3008062","HGVRS9","rs10127888",1,120498250,9.997e-06,5
"25","HGVM1246618","HGVRS9","rs2453044",1,120508524,1.373e-05,4.862
"26","HGVM7860770","HGVRS1058","rs7593730",2,161171454,4e-08,7.398
"27","HGVM1664139","HGVRS16","rs2338545",2,28799775,6.34e-05,4.198
"28","HGVM2055903","HGVRS16","rs2249435",2,238975740,0.000108,3.967
"29","HGVM7845592","HGVRS161","rs7578597",2,43732823,1e-09,9
"30","HGVM1693535","HGVRS34","rs932206",2,136825272,3.9e-07,6.409
"31","HGVM7043335","HGVRS37","rs6712932",2,105837598,6.25e-06,5.204
"32","HGVM1650887","HGVRS3801","rs1861612",2,230522398,7e-08,7.155
"33","HGVM7048706","HGVRS72","rs6718526",2,161214175,2.4e-06,5.62
"34","HGVM14963597","HGVRS72","rs17248501",2,206039045,1.4e-05,4.854
"35","HGVM4333353","HGVRS72","rs11688935",2,189175905,2.1e-05,4.678
"36","HGVM4324003","HGVRS72","rs11679606",2,16795418,0.00013,3.886
"37","HGVM2440428","HGVRS72","rs4140806",2,37831162,0.00038,3.42
"38","HGVM6062691","HGVRS89","rs13414307",2,40649084,3.3e-05,4.481
"39","HGVM3046680","HGVRS89","rs10173697",2,55066310,4e-05,4.398
"40","HGVM2562923","HGVRS9","rs4462794",2,163993331,1.43e-05,4.845
"41","HGVM5113091","HGVRS9","rs12468570",2,163943612,1.721e-05,4.764
"42","HGVM3051072","HGVRS9","rs10178838",2,163895823,3.221e-05,4.492
"43","HGVM2618763","HGVRS9","rs4575739",2,163992253,4.11e-05,4.386
"44","HGVM7845317","HGVRS1096","rs7578326",2,227020653,5e-20,19.301
"45","HGVM102379","HGVRS1096","rs243021",2,60584819,3e-15,14.523
"46","HGVM8854611","HGVRS16","rs9870410",3,30308759,3.76e-05,4.425
"47","HGVM2685086","HGVRS16","rs4687299",3,185112659,3.96e-05,4.402
"48","HGVM149653","HGVRS16","rs823968",3,135060057,6.68e-05,4.175
"49","HGVM1785584","HGVRS16","rs739984",3,62000317,7.19e-05,4.143
"50","HGVM5717843","HGVRS16","rs13072106",3,132942753,8.71e-05,4.06
"51","HGVM4358835","HGVRS16","rs11714343",3,34462869,9.59e-05,4.018
"52","HGVM2634484","HGVRS161","rs4607103",3,64711904,1e-08,8
"53","HGVM2533694","HGVRS161","rs4402960",3,185511687,8e-08,7.097
"54","HGVM15688628","HGVRS161","rs17036101",3,12277845,2e-07,6.699
"55","HGVM593523","HGVRS1880","rs831571",3,64048297,8e-11,10.097
"56","HGVM154262","HGVRS34","rs1037386",3,1478453,3e-06,5.523
"57","HGVM8433874","HGVRS34","rs9290240",3,164297552,7.9e-06,5.102
"58","HGVM5274092","HGVRS34","rs12629276",3,16428481,1.4e-05,4.854
"59","HGVM1500296","HGVRS1656","rs1374910",3,185531661,1e-07,7
"60","HGVM2533694","HGVRS72","rs4402960",3,185511687,8.6e-16,15.066
"61","HGVM3462","HGVRS72","rs1801282",3,12393125,1.7e-06,5.77
"62","HGVM1768205","HGVRS72","rs440646",3,11291171,4.4e-05,4.357
"63","HGVM8844554","HGVRS88","rs9858622",3,195577630,1.6e-05,4.796
"64","HGVM7897841","HGVRS88","rs7630694",3,145542558,3.3e-05,4.481
"65","HGVM5130589","HGVRS89","rs12486049",3,89241280,3.5e-05,4.456
"66","HGVM3234040","HGVRS89","rs10510980",3,69520888,0.00065,3.187
"67","HGVM4351379","HGVRS9","rs11706900",3,36348968,7.094e-06,5.149
"68","HGVM15679453","HGVRS9","rs16846689",3,162971818,1.778e-05,4.75
"69","HGVM15679260","HGVRS9","rs16845642",3,162899930,2.81e-05,4.551
"70","HGVM15680352","HGVRS9","rs16851397",3,141134818,3.794e-05,4.421
"71","HGVM7107711","HGVRS9","rs6780079",3,163715862,5.614e-05,4.251
"72","HGVM1505973","HGVRS3821","rs1470579",3,185529080,5e-14,13.301
"73","HGVM7108179","HGVRS3821","rs6780569",3,23198484,4e-07,6.398
"74","HGVM1505973","HGVRS1096","rs1470579",3,185529080,2e-09,8.699
"75","HGVM5727207","HGVRS1096","rs13081389",3,12289800,2e-07,6.699
"76","HGVM1605504","HGVRS16","rs886374",4,7738369,2.38e-06,5.623
"77","HGVM5785691","HGVRS16","rs13139219",4,42453303,7.85e-05,4.105
"78","HGVM6823433","HGVRS16","rs6447164",4,42481276,0.000111,3.955
"79","HGVM7141490","HGVRS1880","rs6815464",4,1309901,2e-20,19.699
"80","HGVM614900","HGVRS34","rs282705",4,59502687,9e-06,5.046
"81","HGVM1540375","HGVRS34","rs2866016",4,99504235,1e-05,5
"82","HGVM7148777","HGVRS34","rs6823091",4,153069783,2.7e-05,4.569
"83","HGVM1522139","HGVRS3746","rs2055942",4,46968050,1e-06,6
"84","HGVM1067147","HGVRS72","rs2139980",4,157617198,0.00031,3.509
"85","HGVM7965697","HGVRS72","rs7698608",4,103937974,0.00046,3.337
"86","HGVM1596728","HGVRS72","rs3118617",4,2340417,5e-04,3.301
"87","HGVM2929640","HGVRS88","rs10033117",4,140082553,2.4e-05,4.62
"88","HGVM16305919","HGVRS9","rs17428564",4,95755436,1.401e-05,4.854
"89","HGVM16525159","HGVRS9","rs41523544",4,65474399,7.212e-05,4.142
"90","HGVM2921789","HGVRS9","rs10023799",4,65458162,7.382e-05,4.132
"91","HGVM7141490","HGVRS3821","rs6815464",4,1309901,2e-07,6.699
"92","HGVM3297","HGVRS1096","rs1801214",4,6303022,3e-08,7.523
"93","HGVM195232","HGVRS16","rs27779",5,142259083,2.53e-05,4.597
"94","HGVM235607","HGVRS16","rs1030231",5,66317265,9.35e-05,4.029
"95","HGVM7190111","HGVRS16","rs6866433",5,66324152,0.00012,3.921
"96","HGVM10074847","HGVRS34","rs6894954",5,144314363,5e-06,5.301
"97","HGVM7979902","HGVRS34","rs7712842",5,144267106,5.4e-06,5.268
"98","HGVM203133","HGVRS37","rs173738",5,16725880,0.00037,3.432
"99","HGVM196089","HGVRS37","rs31313",5,16690754,0.00057,3.244
"100","HGVM637800","HGVRS37","rs253336",5,16840641,0.00067,3.174
"101","HGVM2697360","HGVRS88","rs4704400",5,76551010,4.3e-05,4.367
"102","HGVM224766","HGVRS9","rs501869",5,163143017,1.171e-05,4.931
"103","HGVM645747","HGVRS9","rs638191",5,17183851,5.458e-05,4.263
"104","HGVM2560039","HGVRS1096","rs4457053",5,76424949,3e-12,11.523
"105","HGVM1134902","HGVRS16","rs2673776",6,152522812,8.05e-05,4.094
"106","HGVM4395795","HGVRS16","rs11751263",6,79411054,0.000111,3.955
"107","HGVM7251434","HGVRS161","rs6931514",6,20703952,1e-11,11
"108","HGVM8586917","HGVRS161","rs9472138",6,43811762,4e-06,5.398
"109","HGVM8585817","HGVRS1880","rs9470794",6,38106844,2e-10,9.699
"110","HGVM1875622","HGVRS1880","rs1535500",6,39284050,2e-08,7.699
"111","HGVM2077908","HGVRS34","rs2327112",6,8999646,7e-06,5.155
"112","HGVM8604626","HGVRS37","rs9494266",6,135851573,2.28e-07,6.642
"113","HGVM286228","HGVRS37","rs1535435",6,135757022,1e-06,6
"114","HGVM3653128","HGVRS72","rs10946398",6,20661034,4.1e-11,10.387
"115","HGVM8581866","HGVRS72","rs9465871",6,20717255,4.2e-08,7.377
"116","HGVM8577615","HGVRS72","rs9460546",6,20663632,3.1e-07,6.509
"117","HGVM8033391","HGVRS72","rs7767391",6,20725240,4.8e-06,5.319
"118","HGVM682133","HGVRS72","rs1665901",6,107433400,2.5e-05,4.602
"119","HGVM8504476","HGVRS72","rs9369425",6,43810974,2e-04,3.699
"120","HGVM3186565","HGVRS88","rs10456499",6,41083352,1.8e-05,4.745
"121","HGVM664519","HGVRS88","rs214447",6,9401979,3.5e-05,4.456
"122","HGVM8023321","HGVRS90","rs7756992",6,20679709,3.5e-09,8.456
"123","HGVM1882560","HGVRS89","rs1569699",6,20679310,1.4e-07,6.854
"124","HGVM10341248","HGVRS89","rs9368222",6,20686996,4.8e-07,6.319
"125","HGVM8019359","HGVRS89","rs7752906",6,20666055,6.5e-07,6.187
"126","HGVM7251434","HGVRS89","rs6931514",6,20703952,7.8e-07,6.108
"127","HGVM8493441","HGVRS89","rs9356744",6,20685486,7.9e-07,6.102
"128","HGVM8488075","HGVRS89","rs9350271",6,20683164,9.6e-07,6.018
"129","HGVM3174083","HGVRS89","rs10440833",6,20688121,1.4e-06,5.854
"130","HGVM3863718","HGVRS89","rs11155700",6,150368264,9.5e-06,5.022
"131","HGVM4858895","HGVRS89","rs12213837",6,150368963,9.7e-06,5.013
"132","HGVM8595914","HGVRS89","rs9483377",6,132380668,1.3e-05,4.886
"133","HGVM4846815","HGVRS89","rs12201780",6,7026277,1.6e-05,4.796
"134","HGVM2971959","HGVRS89","rs10085202",6,164515936,3.7e-05,4.432
"135","HGVM1131210","HGVRS89","rs2516424",6,31448315,3.9e-05,4.409
"136","HGVM8439044","HGVRS89","rs9295478",6,20716253,0.00021,3.678
"137","HGVM2042500","HGVRS89","rs2206734",6,20694884,0.00022,3.658
"138","HGVM8040338","HGVRS89","rs7774594",6,20661143,0.00065,3.187
"139","HGVM8494891","HGVRS89","rs9358356",6,20667382,0.00066,3.18
"140","HGVM4610022","HGVRS89","rs11965062",6,20647962,0.0011,2.959
"141","HGVM7227921","HGVRS89","rs6906327",6,20659459,0.0013,2.886
"142","HGVM2703130","HGVRS89","rs4712523",6,20657564,0.002,2.699
"143","HGVM17486806","HGVRS89","rs17224527",6,20632766,0.0038,2.42
"144","HGVM5859406","HGVRS89","rs13212326",6,20598303,0.0038,2.42
"145","HGVM8493440","HGVRS89","rs9356743",6,20667688,0.0067,2.174
"146","HGVM8022199","HGVRS89","rs7755830",6,20634886,0.0088,2.056
"147","HGVM8501671","HGVRS89","rs9366354",6,20545468,0.0095,2.022
"148","HGVM8439041","HGVRS89","rs9295475",6,20652765,0.0164,1.785
"149","HGVM8022563","HGVRS89","rs7756211",6,20553785,0.018,1.745
"150","HGVM8025131","HGVRS89","rs7758851",6,20542221,0.021,1.678
"151","HGVM8011126","HGVRS2912","rs7744392",6,35322763,3e-06,5.523
"152","HGVM272447","HGVRS9","rs910049",6,32315727,5.034e-07,6.298
"153","HGVM1545590","HGVRS9","rs2894249",6,32325835,3.642e-06,5.439
"154","HGVM1598803","HGVRS9","rs3129932",6,32336127,1.062e-05,4.974
"155","HGVM1598805","HGVRS9","rs3129934",6,32336187,1.341e-05,4.873
"156","HGVM2241132","HGVRS9","rs3129900",6,32305979,1.45e-05,4.839
"157","HGVM11147441","HGVRS9","rs9270986",6,32574060,1.71e-05,4.767
"158","HGVM2241773","HGVRS9","rs3132959",6,32298942,1.748e-05,4.757
"159","HGVM272873","HGVRS9","rs926591",6,32305690,4.325e-05,4.364
"160","HGVM2882926","HGVRS9","rs4959093",6,32313097,6.229e-05,4.206
"161","HGVM2241190","HGVRS9","rs3130311",6,32217367,7.258e-05,4.139
"162","HGVM259665","HGVRS9","rs539703",6,32288462,7.426e-05,4.129
"163","HGVM8021234","HGVRS2565","rs7754840",6,20661250,7e-10,9.155
"164","HGVM8021234","HGVRS3821","rs7754840",6,20661250,2e-13,12.699
"165","HGVM3174083","HGVRS1096","rs10440833",6,20688121,2e-22,21.699
"166","HGVM295659","HGVRS16","rs615545",7,18391871,5.89e-06,5.23
"167","HGVM3661426","HGVRS16","rs10954654",7,139359087,2.79e-05,4.554
"168","HGVM695537","HGVRS16","rs557962",7,140779740,5.86e-05,4.232
"169","HGVM695489","HGVRS16","rs528957",7,140769459,7.8e-05,4.108
"170","HGVM1159153","HGVRS16","rs2470984",7,122774729,8.97e-05,4.047
"171","HGVM302043","HGVRS161","rs864745",7,28180556,5e-14,13.301
"172","HGVM6841419","HGVRS1880","rs6467136",7,127164958,5e-11,10.301
"173","HGVM302043","HGVRS72","rs864745",7,28180556,0.00018,3.745
"174","HGVM2578251","HGVRS72","rs4493865",7,54898402,0.00026,3.585
"175","HGVM298386","HGVRS3821","rs791595",7,127862802,3e-13,12.523
"176","HGVM1811214","HGVRS1096","rs972283",7,130466854,2e-10,9.699
"177","HGVM300983","HGVRS1096","rs849134",7,28196222,3e-09,8.523
"178","HGVM8104621","HGVRS16","rs7839244",8,142388255,6.76e-05,4.17
"179","HGVM1175302","HGVRS16","rs1852027",8,88007114,7.62e-05,4.118
"180","HGVM5914197","HGVRS34","rs13266634",8,118184783,6.13e-08,7.213
"181","HGVM5914197","HGVRS72","rs13266634",8,118184783,5.3e-08,7.276
"182","HGVM311148","HGVRS88","rs185852",8,128293466,4.6e-06,5.337
"183","HGVM5914197","HGVRS89","rs13266634",8,118184783,3.3e-06,5.481
"184","HGVM323652","HGVRS89","rs952656",8,124127595,1.9e-05,4.721
"185","HGVM8096466","HGVRS9","rs7831079",8,109576387,1.499e-05,4.824
"186","HGVM5914197","HGVRS3821","rs13266634",8,118184783,5e-07,6.301
"187","HGVM322721","HGVRS1096","rs896854",8,95960511,1e-09,9
"188","HGVM6262090","HGVRS1096","rs3802177",8,118185025,1e-08,8
"189","HGVM733850","HGVRS16","rs882992",9,107827911,0.000125,3.903
"190","HGVM7337090","HGVRS161","rs7020996",9,22129579,2e-07,6.699
"191","HGVM7356800","HGVRS1880","rs7041847",9,4287466,2e-14,13.699
"192","HGVM734690","HGVRS34","rs945384",9,139616742,2.9e-05,4.538
"193","HGVM1845703","HGVRS1656","rs1333051",9,22136489,6e-10,9.222
"194","HGVM3517681","HGVRS72","rs10811661",9,22134094,7.8e-15,14.108
"195","HGVM336873","HGVRS72","rs564398",9,22029547,1.2e-07,6.921
"196","HGVM6158315","HGVRS72","rs2383208",9,22132076,2.6e-06,5.585
"197","HGVM3523738","HGVRS72","rs10817674",9,117522580,4.2e-05,4.377
"198","HGVM3001950","HGVRS72","rs10120268",9,111548104,1e-04,4
"199","HGVM2307639","HGVRS88","rs3814120",9,129414929,1.4e-05,4.854
"200","HGVM2725934","HGVRS89","rs4743148",9,98430574,1e-05,5
"201","HGVM3699996","HGVRS89","rs10993008",9,93085382,2.7e-05,4.569
"202","HGVM3517681","HGVRS9","rs10811661",9,22134094,3.569e-05,4.447
"203","HGVM6158315","HGVRS2565","rs2383208",9,22132076,3e-17,16.523
"204","HGVM3520960","HGVRS2565","rs10814916",9,4293150,6e-12,11.222
"205","HGVM3517681","HGVRS3821","rs10811661",9,22134094,1e-18,18
"206","HGVM4432369","HGVRS3821","rs11787792",9,139252148,2e-10,9.699
"207","HGVM3672083","HGVRS1096","rs10965250",9,22133284,1e-10,10
"208","HGVM5939875","HGVRS1096","rs13292136",9,81952128,3e-08,7.523
"209","HGVM8164808","HGVRS16","rs7903146",10,114758349,1.25e-05,4.903
"210","HGVM4899971","HGVRS16","rs12255372",10,114808902,1.51e-05,4.821
"211","HGVM8164808","HGVRS161","rs7903146",10,114758349,3e-23,22.523
"212","HGVM5424469","HGVRS161","rs12779790",10,12328010,1e-10,10
"213","HGVM6413545","HGVRS161","rs5015480",10,94465559,7e-08,7.155
"214","HGVM8164808","HGVRS34","rs7903146",10,114758349,1.53e-34,33.815
"215","HGVM4899971","HGVRS34","rs12255372",10,114808902,1.4e-13,12.854
"216","HGVM3591817","HGVRS34","rs10885409",10,114808072,1.8e-10,9.745
"217","HGVM8166174","HGVRS34","rs7904519",10,114773927,2.7e-10,9.569
"218","HGVM7408585","HGVRS34","rs7100927",10,114796048,2.1e-08,7.678
"219","HGVM8161822","HGVRS34","rs7900150",10,114793823,2.1e-08,7.678
"220","HGVM2854638","HGVRS34","rs4918789",10,114821807,2.4e-06,5.62
"221","HGVM8185381","HGVRS34","rs7923837",10,94481917,2.53e-06,5.597
"222","HGVM822746","HGVRS34","rs1111875",10,94462882,3.03e-06,5.519
"223","HGVM813460","HGVRS34","rs290483",10,114915214,5.3e-06,5.276
"224","HGVM8164808","HGVRS37","rs7903146",10,114758349,5.52e-08,7.258
"225","HGVM8163361","HGVRS37","rs7901695",10,114754088,3.42e-07,6.466
"226","HGVM4899971","HGVRS37","rs12255372",10,114808902,5.31e-07,6.275
"227","HGVM8172104","HGVRS37","rs7910485",10,134049333,8e-06,5.097
"228","HGVM8164808","HGVRS1856","rs7903146",10,114758349,2e-15,14.699
"229","HGVM8163361","HGVRS72","rs7901695",10,114754088,1e-48,48
"230","HGVM6413545","HGVRS72","rs5015480",10,94465559,5.7e-10,9.244
"231","HGVM822746","HGVRS72","rs1111875",10,94462882,5.7e-10,9.244
"232","HGVM8469648","HGVRS72","rs9326506",10,44068558,7.8e-06,5.108
"233","HGVM4241243","HGVRS72","rs11597086",10,101953705,8e-06,5.097
"234","HGVM3454126","HGVRS72","rs10748582",10,94477219,3e-05,4.523
"235","HGVM2299471","HGVRS72","rs3802678",10,104115395,9.6e-05,4.018
"236","HGVM814529","HGVRS72","rs505699",10,99774076,0.00029,3.538
"237","HGVM8164808","HGVRS87","rs7903146",10,114758349,2.4e-11,10.62
"238","HGVM4899971","HGVRS87","rs12255372",10,114808902,1.6e-07,6.796
"239","HGVM8166174","HGVRS87","rs7904519",10,114773927,2.6e-06,5.585
"240","HGVM3591817","HGVRS87","rs10885409",10,114808072,6e-06,5.222
"241","HGVM1493939","HGVRS88","rs2421943",10,94311815,9.1e-07,6.041
"242","HGVM3493628","HGVRS88","rs10787760",10,118890693,1.7e-05,4.77
"243","HGVM1278721","HGVRS88","rs2170862",10,118620996,4.3e-05,4.367
"244","HGVM2134458","HGVRS88","rs2497304",10,94492716,0.000251,3.6
"245","HGVM6942338","HGVRS89","rs6583830",10,94398118,2.4e-06,5.62
"246","HGVM3588480","HGVRS89","rs10882091",10,94374377,2.4e-06,5.62
"247","HGVM8176410","HGVRS89","rs7914814",10,94382950,2.5e-06,5.602
"248","HGVM6942334","HGVRS89","rs6583826",10,94347830,2e-05,4.699
"249","HGVM821050","HGVRS89","rs947591",10,94495753,2.3e-05,4.638
"250","HGVM1290360","HGVRS89","rs2495774",10,124932086,0.00011,3.959
"251","HGVM8185381","HGVRS89","rs7923837",10,94481917,0.00058,3.237
"252","HGVM822746","HGVRS89","rs1111875",10,94462882,0.0014,2.854
"253","HGVM2584588","HGVRS9","rs4506565",10,114756041,5.429e-06,5.265
"254","HGVM8163361","HGVRS9","rs7901695",10,114754088,5.965e-06,5.224
"255","HGVM2438648","HGVRS9","rs4132670",10,114767771,9.17e-06,5.038
"256","HGVM4887907","HGVRS9","rs12243326",10,114788815,6.275e-05,4.202
"257","HGVM3966115","HGVRS2565","rs11257655",10,12307894,7e-09,8.155
"258","HGVM3592879","HGVRS2565","rs10886471",10,121149403,7e-09,8.155
"259","HGVM8164808","HGVRS3821","rs7903146",10,114758349,2e-15,14.699
"260","HGVM822746","HGVRS3821","rs1111875",10,94462882,2e-08,7.699
"261","HGVM8164808","HGVRS1096","rs7903146",10,114758349,2e-51,50.699
"262","HGVM6413545","HGVRS1096","rs5015480",10,94465559,1e-15,15
"263","HGVM3224340","HGVRS16","rs10501281",11,41966359,5.29e-05,4.277
"264","HGVM8443495","HGVRS16","rs9300039",11,41915366,5.99e-05,4.223
"265","HGVM4917991","HGVRS16","rs12273344",11,41902777,6.51e-05,4.186
"266","HGVM3234","HGVRS161","rs5215",11,17408630,4e-07,6.398
"267","HGVM1313719","HGVRS251","rs2237892",11,2839751,1.99965e-42,41.699
"268","HGVM8211571","HGVRS34","rs7950175",11,126528035,1.9e-06,5.721
"269","HGVM8210479","HGVRS34","rs7949067",11,44291484,1.1e-05,4.959
"270","HGVM7749728","HGVRS34","rs7480010",11,42246718,1.23e-05,4.91
"271","HGVM845783","HGVRS34","rs729287",11,44280090,1.3e-05,4.886
"272","HGVM2258397","HGVRS34","rs3740878",11,44257802,1.33e-05,4.876
"273","HGVM3745130","HGVRS34","rs11037909",11,44255614,1.33e-05,4.876
"274","HGVM1699112","HGVRS34","rs2499953",11,5010905,1.7e-05,4.77
"275","HGVM1313719","HGVRS1656","rs2237892",11,2839751,4e-06,5.398
"276","HGVM8400942","HGVRS3801","rs8181588",11,2831541,5e-09,8.301
"277","HGVM3234","HGVRS72","rs5215",11,17408630,5e-11,10.301
"278","HGVM1308511","HGVRS87","rs1879230",11,23982573,2.1e-05,4.678
"279","HGVM1306878","HGVRS88","rs1455593",11,106936689,4e-05,4.398
"280","HGVM1314456","HGVRS89","rs2271586",11,3659993,0.00059,3.229
"281","HGVM1313719","HGVRS2565","rs2237892",11,2839751,1e-07,7
"282","HGVM1313719","HGVRS3821","rs2237892",11,2839751,4e-29,28.398
"283","HGVM854999","HGVRS1096","rs1552224",11,72433098,1e-22,22
"284","HGVM852574","HGVRS1096","rs1387153",11,92673828,8e-15,14.097
"285","HGVM364368","HGVRS1096","rs231362",11,2691471,3e-13,12.523
"286","HGVM2315118","HGVRS16","rs3825253",12,109109281,3.55e-05,4.45
"287","HGVM2744524","HGVRS16","rs4767658",12,118519441,4.09e-05,4.388
"288","HGVM885015","HGVRS16","rs1918416",12,120000413,4.88e-05,4.312
"289","HGVM8222926","HGVRS161","rs7961581",12,71663102,1e-09,9
"290","HGVM416561","HGVRS161","rs1153188",12,55098996,2e-07,6.699
"291","HGVM864445","HGVRS34","rs35666",12,92534370,1.5e-06,5.824
"292","HGVM7594627","HGVRS1656","rs7305618",12,121402932,2e-08,7.699
"293","HGVM420835","HGVRS72","rs1495377",12,71577101,1.3e-06,5.886
"294","HGVM8222926","HGVRS72","rs7961581",12,71663102,3.6e-06,5.444
"295","HGVM8233506","HGVRS72","rs7972188",12,71566754,9.8e-06,5.009
"296","HGVM3886614","HGVRS72","rs11178531",12,71408690,1e-05,5
"297","HGVM3229695","HGVRS72","rs10506625",12,71522397,7.2e-05,4.143
"298","HGVM2545002","HGVRS72","rs4426172",12,127958733,0.00013,3.886
"299","HGVM1942472","HGVRS89","rs1905421",12,33482212,4.4e-05,4.357
"300","HGVM719162","HGVRS1096","rs1531343",12,66174894,4e-09,8.398
"301","HGVM8218564","HGVRS1096","rs7957197",12,121460686,2e-08,7.699
"302","HGVM2739283","HGVRS1096","rs4760790",12,71634794,4e-06,5.398
"303","HGVM434760","HGVRS16","rs1287526",13,81836027,6.4e-05,4.194
"304","HGVM8647649","HGVRS16","rs9545903",13,82446913,7.18e-05,4.144
"305","HGVM1900911","HGVRS16","rs1602204",13,82378976,0.000119,3.924
"306","HGVM2194562","HGVRS34","rs2876711",13,77416504,2.4e-05,4.62
"307","HGVM892244","HGVRS87","rs565707",13,27680564,7.3e-06,5.137
"308","HGVM8245974","HGVRS87","rs7984685",13,27737031,2.2e-05,4.658
"309","HGVM8259586","HGVRS87","rs7998347",13,27739643,2.4e-05,4.62
"310","HGVM12629625","HGVRS9","rs17660169",13,69766019,2.258e-05,4.646
"311","HGVM2315321","HGVRS16","rs3825569",14,101350298,3.69e-05,4.433
"312","HGVM4493875","HGVRS16","rs11849174",14,39077398,5.39e-05,4.268
"313","HGVM920784","HGVRS16","rs1449720",14,39095567,6.8e-05,4.167
"314","HGVM1365489","HGVRS34","rs1256526",14,65739905,4.7e-06,5.328
"315","HGVM8550076","HGVRS37","rs942740",14,91158869,0.00022,3.658
"316","HGVM922859","HGVRS37","rs1749718",14,91183327,0.00032,3.495
"317","HGVM1783742","HGVRS1656","rs730570",14,101142890,8e-06,5.097
"318","HGVM2504807","HGVRS72","rs4343209",14,99216959,9.4e-05,4.027
"319","HGVM927612","HGVRS88","rs2066041",14,82773840,3.8e-05,4.42
"320","HGVM3208475","HGVRS88","rs10483957",14,82830219,4.2e-05,4.377
"321","HGVM918061","HGVRS9","rs1211216",14,30012665,6.408e-06,5.193
"322","HGVM4265476","HGVRS9","rs11621202",14,75780080,1.579e-05,4.802
"323","HGVM7454776","HGVRS9","rs7149377",14,75781361,2.505e-05,4.601
"324","HGVM7477093","HGVRS1198","rs7172432",15,62396389,9e-14,13.046
"325","HGVM1383626","HGVRS16","rs2289487",15,90217096,0.000114,3.943
"326","HGVM7480622","HGVRS16","rs7176093",15,86369430,0.000114,3.943
"327","HGVM1725118","HGVRS72","rs2930291",15,74604834,7.7e-06,5.114
"328","HGVM1723302","HGVRS72","rs2903265",15,80413384,9.6e-06,5.018
"329","HGVM7680175","HGVRS2565","rs7403531",15,38822905,4e-09,8.398
"330","HGVM7477093","HGVRS3821","rs7172432",15,62396389,1e-06,6
"331","HGVM939569","HGVRS3821","rs2028299",15,90374257,3e-06,5.523
"332","HGVM8303742","HGVRS1096","rs8042680",15,91521337,2e-10,9.699
"333","HGVM4278715","HGVRS1096","rs11634397",15,80432222,2e-09,8.699
"334","HGVM3244145","HGVRS16","rs10521095",16,13621435,2.34e-05,4.631
"335","HGVM8311140","HGVRS161","rs8050136",16,53816275,7e-06,5.155
"336","HGVM13483837","HGVRS1880","rs16955379",16,81489373,3e-07,6.523
"337","HGVM13492550","HGVRS1880","rs17797882",16,79406918,9e-07,6.046
"338","HGVM1406957","HGVRS34","rs2589001",16,55218862,7.7e-06,5.114
"339","HGVM8311140","HGVRS72","rs8050136",16,53816275,7.3e-14,13.137
"340","HGVM7497141","HGVRS72","rs7193144",16,53810686,9.6e-14,13.018
"341","HGVM8916016","HGVRS72","rs9939609",16,53820527,9e-12,11.046
"342","HGVM1399630","HGVRS72","rs2099106",16,9380708,1.7e-05,4.77
"343","HGVM4288936","HGVRS88","rs11644596",16,24389861,3.2e-05,4.495
"344","HGVM945908","HGVRS89","rs724466",16,22797852,3.8e-05,4.42
"345","HGVM8313103","HGVRS2912","rs8052123",16,57563671,5e-06,5.301
"346","HGVM13481530","HGVRS9","rs16943759",16,76028759,8.725e-06,5.059
"347","HGVM13481528","HGVRS9","rs16943756",16,76028137,9.256e-06,5.034
"348","HGVM13481531","HGVRS9","rs16943764",16,76028864,1.14e-05,4.943
"349","HGVM4291701","HGVRS9","rs11647358",16,76029172,1.764e-05,4.754
"350","HGVM4287179","HGVRS1096","rs11642841",16,53845487,3e-08,7.523
"351","HGVM7510957","HGVRS16","rs7207345",17,64663285,7.48e-05,4.126
"352","HGVM1816729","HGVRS34","rs1005316",17,68990369,1.4e-05,4.854
"353","HGVM1409878","HGVRS34","rs231461",17,42033043,2.5e-05,4.602
"354","HGVM962832","HGVRS87","rs1860316",17,68606316,3.2e-08,7.495
"355","HGVM1413157","HGVRS87","rs2191113",17,68647821,9.5e-08,7.022
"356","HGVM962704","HGVRS87","rs1843622",17,68637507,4.3e-06,5.367
"357","HGVM963856","HGVRS87","rs1981647",17,68621193,6.5e-06,5.187
"358","HGVM8871724","HGVRS87","rs9890889",17,68661880,3.2e-05,4.495
"359","HGVM1410475","HGVRS9","rs902558",17,32300618,4.275e-05,4.369
"360","HGVM1424596","HGVRS9","rs2785061",17,32307532,5.642e-05,4.249
"361","HGVM2547277","HGVRS2565","rs4430796",17,36098040,2e-11,10.699
"362","HGVM6246067","HGVRS3821","rs312457",17,6940393,8e-13,12.097
"363","HGVM2547277","HGVRS3821","rs4430796",17,36098040,4e-06,5.398
"364","HGVM2547277","HGVRS1096","rs4430796",17,36098040,2e-06,5.699
"365","HGVM500727","HGVRS16","rs616444",18,42485524,9e-05,4.046
"366","HGVM3225932","HGVRS87","rs10502860",18,42799809,2.8e-05,4.553
"367","HGVM7540069","HGVRS87","rs7237209",18,65314102,2.9e-05,4.538
"368","HGVM7540086","HGVRS9","rs7237226",18,10807962,1.046e-05,4.98
"369","HGVM8356601","HGVRS9","rs8095854",18,10811476,2.943e-05,4.531
"370","HGVM8801216","HGVRS9","rs9807662",18,25503620,7.452e-05,4.128
"371","HGVM2288875","HGVRS1880","rs3786897",19,33893008,1e-08,8
"372","HGVM986593","HGVRS34","rs1978717",19,52497250,4.9e-06,5.31
"373","HGVM3791699","HGVRS34","rs11084127",19,52495380,7.4e-06,5.131
"374","HGVM3791700","HGVRS34","rs11084128",19,52495646,8.8e-06,5.056
"375","HGVM986138","HGVRS34","rs1836002",19,52498522,1.1e-05,4.959
"376","HGVM1442270","HGVRS34","rs2288887",19,52495803,1.3e-05,4.886
"377","HGVM8362225","HGVRS34","rs8101509",19,52408826,1.6e-05,4.796
"378","HGVM2304930","HGVRS87","rs3810420",19,3365583,4.5e-05,4.347
"379","HGVM3150478","HGVRS89","rs10410943",19,8808900,0.00043,3.367
"380","HGVM6670440","HGVRS1880","rs6017317",20,42946966,1e-11,11
"381","HGVM531844","HGVRS34","rs1293143",20,52918459,1.6e-05,4.796
"382","HGVM1447709","HGVRS34","rs1293144",20,52917208,2.3e-05,4.638
"383","HGVM6771505","HGVRS89","rs6127771",20,36959732,4.8e-06,5.319
"384","HGVM1022715","HGVRS34","rs1888533",21,47000839,1.5e-05,4.824
"385","HGVM537102","HGVRS34","rs375694",21,44033960,1.6e-05,4.796
"386","HGVM533868","HGVRS37","rs200801",21,19333646,1.78e-05,4.75
"387","HGVM533108","HGVRS37","rs158081",21,19369001,2.36e-05,4.627
"388","HGVM1460350","HGVRS37","rs2254434",21,19335631,3.86e-05,4.413
"389","HGVM1457278","HGVRS72","rs2154490",21,30915962,2e-05,4.699
"390","HGVM1474219","HGVRS87","rs2834061",21,34376382,9.4e-06,5.027
"391","HGVM1021668","HGVRS87","rs468601",21,14847294,2.6e-05,4.585
"392","HGVM536939","HGVRS87","rs369906",21,40453036,2.8e-05,4.553
"393","HGVM1480301","HGVRS16","rs565979",22,21028946,6.98e-05,4.156
"394","HGVM6613668","HGVRS2565","rs5945326",NA,152899922,7e-16,15.155
"395","HGVM4655188","HGVRS2565","rs12010175",NA,152862638,2e-09,8.699
"396","HGVM6613668","HGVRS3821","rs5945326",NA,152899922,2e-12,11.699
"397","HGVM6613668","HGVRS1096","rs5945326",NA,152899922,3e-10,9.523
